{"type": "FeatureCollection",
"bbox" : [504912.32, 3947825.57, 518148.28, 3955972.51],
"center" : [511530.30, 3951899.04],
"features": [
{
	"type" : "Feature",
	"properties" : {"ObjectType" : "unknown(0x1181)","fname" : "","name" : "","id" : 0},
	"geometry" : {"type" : "GeometryCollection",
		"geometries" : [
			{"properties" : {"direction" : "oneway","flag" : "sideway"},"type" : "LineString","coordinates" : [[514986.58, 3951559.52],[516486.53, 3951097.21],[516518.04, 3951076.03],[516514.42, 3951029.02],[516594.49, 3951006.55],[516632.72, 3951016.88],[516695.74, 3950996.73],[518023.39, 3950345.76],[518149.87, 3950284.39]]}
		]
	}
}
,
{
	"type" : "Feature",
	"properties" : {"ObjectType" : "unknown(0x1181)","fname" : "","name" : "","id" : 1},
	"geometry" : {"type" : "GeometryCollection",
		"geometries" : [
			{"properties" : {"direction" : "oneway","flag" : "sideway"},"type" : "LineString","coordinates" : [[518290.06, 3950270.55],[516657.17, 3951079.64],[516651.40, 3951100.90],[516651.46, 3951101.71]]}
		]
	}
}
,
{
	"type" : "Feature",
	"properties" : {"ObjectType" : "unknown(0x1181)","fname" : "","name" : "","id" : 7},
	"geometry" : {"type" : "GeometryCollection",
		"geometries" : [
			{"properties" : {"direction" : "oneway","flag" : "sideway"},"type" : "LineString","coordinates" : [[511509.01, 3953770.50],[511522.27, 3953702.40],[511588.77, 3953608.53],[512152.99, 3953002.74],[512680.55, 3952531.90],[513070.23, 3952316.04],[513581.65, 3952101.15],[513621.73, 3952089.37]]}
		]
	}
}
,
{
	"type" : "Feature",
	"properties" : {"ObjectType" : "unknown(0x1181)","fname" : "","name" : "","id" : 9},
	"geometry" : {"type" : "GeometryCollection",
		"geometries" : [
			{"properties" : {"direction" : "oneway","flag" : "sideway"},"type" : "LineString","coordinates" : [[513693.02, 3952088.04],[513681.20, 3952104.06],[512841.25, 3952485.13],[512460.29, 3952776.53],[511888.01, 3953344.19],[511808.39, 3953432.23],[511732.12, 3953515.41]]}
		]
	}
}
,
{
	"type" : "Feature",
	"properties" : {"ObjectType" : "unknown(0x1181)","fname" : "","name" : "","id" : 21},
	"geometry" : {"type" : "GeometryCollection",
		"geometries" : [
			{"properties" : {"direction" : "oneway","flag" : "sideway"},"type" : "LineString","coordinates" : [[516637.12, 3951129.61],[516631.05, 3951120.50],[516593.68, 3951104.09],[515236.24, 3951527.76],[514985.78, 3951584.00],[514962.20, 3951585.79],[514959.51, 3951585.66]]}
		]
	}
}
,
{
	"type" : "Feature",
	"properties" : {"ObjectType" : "unknown(0x1181)","fname" : "","name" : "","id" : 46},
	"geometry" : {"type" : "GeometryCollection",
		"geometries" : [
			{"properties" : {"direction" : "oneway","flag" : "sideway"},"type" : "LineString","coordinates" : [[514519.54, 3955014.22],[514867.89, 3954824.65],[515442.97, 3954542.39],[515538.30, 3954492.73]]}
		]
	}
}
,
{
	"type" : "Feature",
	"properties" : {"ObjectType" : "unknown(0x1181)","fname" : "","name" : "","id" : 75},
	"geometry" : {"type" : "GeometryCollection",
		"geometries" : [
			{"properties" : {"direction" : "oneway","flag" : "sideway"},"type" : "LineString","coordinates" : [[514634.14, 3951706.60],[514617.60, 3951727.20],[513836.36, 3952042.64],[513808.37, 3952048.33],[513787.52, 3952050.33]]}
		]
	}
}
,
{
	"type" : "Feature",
	"properties" : {"ObjectType" : "unknown(0x1181)","fname" : "","name" : "","id" : 136},
	"geometry" : {"type" : "GeometryCollection",
		"geometries" : [
			{"properties" : {"direction" : "oneway","flag" : "sideway"},"type" : "LineString","coordinates" : [[507703.52, 3955941.86],[508078.08, 3955725.13],[508086.44, 3955663.77],[508056.53, 3955500.35],[508038.49, 3955477.04],[508036.13, 3955476.69]]}
		]
	}
}
,
{
	"type" : "Feature",
	"properties" : {"ObjectType" : "unknown(0x1181)","fname" : "","name" : "","id" : 282},
	"geometry" : {"type" : "GeometryCollection",
		"geometries" : [
			{"properties" : {"direction" : "oneway","flag" : "sideway"},"type" : "LineString","coordinates" : [[512877.64, 3955646.34],[512615.00, 3955690.67],[512361.69, 3955661.28],[512361.02, 3955661.18],[512360.34, 3955661.07]]}
		]
	}
}
,
{
	"type" : "Feature",
	"properties" : {"ObjectType" : "unknown(0x1182)","fname" : "","name" : "","id" : 303},
	"geometry" : {"type" : "GeometryCollection",
		"geometries" : [
			{"properties" : {"direction" : "oneway","flag" : "sideway"},"type" : "LineString","coordinates" : [[513927.29, 3952404.67],[513849.80, 3952304.72],[513795.63, 3952278.34],[513558.28, 3952182.12],[513522.64, 3952181.41],[513500.90, 3952181.77],[513500.42, 3952181.74]]}
		]
	}
}
,
{
	"type" : "Feature",
	"properties" : {"ObjectType" : "unknown(0x1181)","fname" : "","name" : "","id" : 325},
	"geometry" : {"type" : "GeometryCollection",
		"geometries" : [
			{"properties" : {"direction" : "oneway","flag" : "sideway"},"type" : "LineString","coordinates" : [[508062.15, 3955467.48],[508100.95, 3955699.17],[508142.74, 3955702.25],[508175.29, 3955700.49],[508192.45, 3955735.68],[508166.49, 3955763.84],[508084.68, 3955773.51],[508076.57, 3955774.14]]}
		]
	}
}
,
{
	"type" : "Feature",
	"properties" : {"ObjectType" : "unknown(0x1181)","fname" : "","name" : "","id" : 542},
	"geometry" : {"type" : "GeometryCollection",
		"geometries" : [
			{"properties" : {"direction" : "oneway","flag" : "sideway"},"type" : "LineString","coordinates" : [[514081.18, 3955243.59],[513932.97, 3955350.95],[513914.06, 3955405.92],[513922.47, 3955488.14],[513927.21, 3955532.34]]}
		]
	}
}
,
{
	"type" : "Feature",
	"properties" : {"ObjectType" : "unknown(0x1181)","fname" : "","name" : "","id" : 622},
	"geometry" : {"type" : "GeometryCollection",
		"geometries" : [
			{"properties" : {"direction" : "oneway","flag" : "sideway"},"type" : "LineString","coordinates" : [[517227.75, 3953583.79],[517240.40, 3953611.39],[517277.19, 3953633.23],[517466.90, 3953563.10],[517487.59, 3953556.20],[517532.13, 3953544.55]]}
		]
	}
}
,
{
	"type" : "Feature",
	"properties" : {"ObjectType" : "unknown(0x1181)","fname" : "","name" : "","id" : 651},
	"geometry" : {"type" : "GeometryCollection",
		"geometries" : [
			{"properties" : {"direction" : "oneway","flag" : "sideway"},"type" : "LineString","coordinates" : [[517007.77, 3953799.54],[517194.41, 3953673.47],[517202.46, 3953628.63],[517202.11, 3953570.39],[517201.37, 3953564.72]]}
		]
	}
}
,
{
	"type" : "Feature",
	"properties" : {"ObjectType" : "unknown(0x1181)","fname" : "","name" : "","id" : 691},
	"geometry" : {"type" : "GeometryCollection",
		"geometries" : [
			{"properties" : {"direction" : "oneway","flag" : "sideway"},"type" : "LineString","coordinates" : [[513889.95, 3952023.50],[513844.23, 3952103.51],[513855.24, 3952158.09],[513891.63, 3952274.18],[513900.24, 3952304.82],[513906.09, 3952322.74]]}
		]
	}
}
,
{
	"type" : "Feature",
	"properties" : {"ObjectType" : "unknown(0x1182)","fname" : "","name" : "","id" : 782},
	"geometry" : {"type" : "GeometryCollection",
		"geometries" : [
			{"properties" : {"direction" : "oneway","flag" : "sideway"},"type" : "LineString","coordinates" : [[513663.66, 3952112.83],[513650.44, 3952162.93],[513676.81, 3952200.94],[513712.77, 3952212.24],[513750.78, 3952204.03],[513777.15, 3952167.72],[513775.78, 3952129.71],[513773.04, 3952117.38],[513767.49, 3952090.83]]}
		]
	}
}
,
{
	"type" : "Feature",
	"properties" : {"ObjectType" : "unknown(0x1100)","fname" : "","name" : "","id" : 919},
	"geometry" : {"type" : "GeometryCollection",
		"geometries" : [
			{"type" : "LineString","coordinates" : [[512411.59, 3955647.37],[512677.92, 3955621.79],[512678.02, 3955621.73]]}
		]
	}
}
,
{
	"type" : "Feature",
	"properties" : {"ObjectType" : "unknown(0x1181)","fname" : "","name" : "","id" : 1167},
	"geometry" : {"type" : "GeometryCollection",
		"geometries" : [
			{"properties" : {"direction" : "oneway","flag" : "sideway"},"type" : "LineString","coordinates" : [[512804.84, 3955768.13],[512709.96, 3955769.22],[512671.62, 3955746.01],[512625.13, 3955692.69],[512623.27, 3955691.15]]}
		]
	}
}
,
{
	"type" : "Feature",
	"properties" : {"ObjectType" : "POI_square","fname" : " ","name" : " ","id" : 1213},
	"geometry" : {"type" : "MultiPoint",
		"coordinates" : [[517783.55, 3953751.58]]
	}
}
,
{
	"type" : "Feature",
	"properties" : {"ObjectType" : "unknown(0x1100)","fname" : " ","name" : " ","id" : 1220},
	"geometry" : {"type" : "GeometryCollection",
		"geometries" : [
			{"type" : "LineString","coordinates" : [[517778.23, 3953784.35],[517773.00, 3953783.07],[517750.85, 3953758.22],[517766.65, 3953722.56],[517799.35, 3953721.97],[517816.91, 3953752.50],[517799.85, 3953780.51],[517785.58, 3953784.71],[517778.23, 3953784.35]]}
		]
	}
}
,
{
	"type" : "Feature",
	"properties" : {"ObjectType" : "unknown(0x1181)","fname" : "","name" : "","id" : 1309},
	"geometry" : {"type" : "GeometryCollection",
		"geometries" : [
			{"properties" : {"direction" : "oneway","flag" : "sideway"},"type" : "LineString","coordinates" : [[508623.01, 3955309.04],[508452.99, 3955360.92],[508435.78, 3955368.74],[508433.60, 3955370.15]]}
		]
	}
}
,
{
	"type" : "Feature",
	"properties" : {"ObjectType" : "unknown(0x1181)","fname" : "","name" : "","id" : 1330},
	"geometry" : {"type" : "GeometryCollection",
		"geometries" : [
			{"properties" : {"direction" : "oneway","flag" : "sideway"},"type" : "LineString","coordinates" : [[513779.82, 3955373.08],[513837.68, 3955298.98],[513839.85, 3955247.33],[513840.42, 3955215.30],[513839.64, 3955198.27]]}
		]
	}
}
,
{
	"type" : "Feature",
	"properties" : {"ObjectType" : "unknown(0x1181)","fname" : "","name" : "","id" : 1331},
	"geometry" : {"type" : "GeometryCollection",
		"geometries" : [
			{"properties" : {"direction" : "oneway","flag" : "sideway"},"type" : "LineString","coordinates" : [[512005.91, 3954060.19],[511859.29, 3954105.86],[511820.29, 3954124.96]]}
		]
	}
}
,
{
	"type" : "Feature",
	"properties" : {"ObjectType" : "unknown(0x1181)","fname" : "","name" : "","id" : 1332},
	"geometry" : {"type" : "GeometryCollection",
		"geometries" : [
			{"properties" : {"direction" : "oneway","flag" : "sideway"},"type" : "LineString","coordinates" : [[515655.54, 3953220.72],[515641.03, 3953233.14],[515486.46, 3953277.52],[515470.80, 3953283.25],[515470.61, 3953283.64]]}
		]
	}
}
,
{
	"type" : "Feature",
	"properties" : {"ObjectType" : "unknown(0x1182)","fname" : "","name" : "","id" : 1336},
	"geometry" : {"type" : "GeometryCollection",
		"geometries" : [
			{"properties" : {"direction" : "oneway","flag" : "sideway"},"type" : "LineString","coordinates" : [[513621.73, 3952089.37],[513683.70, 3952036.89],[513695.01, 3951997.30],[513693.13, 3951970.53],[513683.82, 3951925.03]]}
		]
	}
}
,
{
	"type" : "Feature",
	"properties" : {"ObjectType" : "unknown(0x1181)","fname" : "","name" : "","id" : 1337},
	"geometry" : {"type" : "GeometryCollection",
		"geometries" : [
			{"properties" : {"direction" : "oneway","flag" : "sideway"},"type" : "LineString","coordinates" : [[516809.20, 3952953.71],[516659.89, 3953000.75],[516640.60, 3953005.52],[516625.47, 3953016.29]]}
		]
	}
}
,
{
	"type" : "Feature",
	"properties" : {"ObjectType" : "POI_square","fname" : "جهاد","name" : " ","id" : 1378},
	"geometry" : {"type" : "MultiPoint",
		"coordinates" : [[516923.25, 3953444.20]]
	}
}
,
{
	"type" : "Feature",
	"properties" : {"ObjectType" : "unknown(0x1100)","fname" : "جهاد","name" : " ","id" : 1388},
	"geometry" : {"type" : "GeometryCollection",
		"geometries" : [
			{"type" : "LineString","coordinates" : [[516927.70, 3953409.43],[516941.57, 3953462.65],[516904.39, 3953423.57],[516924.20, 3953406.91],[516927.70, 3953409.43]]}
		]
	}
}
,
{
	"type" : "Feature",
	"properties" : {"ObjectType" : "POI_square","fname" : " ","name" : " ","id" : 1409},
	"geometry" : {"type" : "MultiPoint",
		"coordinates" : [[513991.49, 3955831.53]]
	}
}
,
{
	"type" : "Feature",
	"properties" : {"ObjectType" : "unknown(0x1100)","fname" : " ","name" : " ","id" : 1423},
	"geometry" : {"type" : "GeometryCollection",
		"geometries" : [
			{"type" : "LineString","coordinates" : [[514004.81, 3955858.68],[513995.44, 3955861.23],[513964.41, 3955847.22],[513979.93, 3955804.13],[514020.04, 3955817.74],[514022.62, 3955833.56],[514004.81, 3955858.68]]}
		]
	}
}
,
{
	"type" : "Feature",
	"properties" : {"ObjectType" : "unknown(0x1181)","fname" : "","name" : "","id" : 1470},
	"geometry" : {"type" : "GeometryCollection",
		"geometries" : [
			{"properties" : {"direction" : "oneway","flag" : "sideway"},"type" : "LineString","coordinates" : [[513851.62, 3955196.84],[513917.35, 3955267.51],[513970.91, 3955270.19],[513997.90, 3955266.46]]}
		]
	}
}
,
{
	"type" : "Feature",
	"properties" : {"ObjectType" : "unknown(0x1181)","fname" : "","name" : "","id" : 1549},
	"geometry" : {"type" : "GeometryCollection",
		"geometries" : [
			{"properties" : {"direction" : "oneway","flag" : "sideway"},"type" : "LineString","coordinates" : [[510217.15, 3954858.99],[510065.44, 3954934.10],[510217.15, 3954858.99],[510065.44, 3954934.10]]}
		]
	}
}
,
{
	"type" : "Feature",
	"properties" : {"ObjectType" : "POI_square","fname" : " ","name" : " ","id" : 1588},
	"geometry" : {"type" : "MultiPoint",
		"coordinates" : [[509855.38, 3953944.53]]
	}
}
,
{
	"type" : "Feature",
	"properties" : {"ObjectType" : "unknown(0x1100)","fname" : " ","name" : " ","id" : 1600},
	"geometry" : {"type" : "GeometryCollection",
		"geometries" : [
			{"type" : "LineString","coordinates" : [[509850.89, 3953969.94],[509848.71, 3953969.46],[509829.68, 3953942.29],[509853.14, 3953918.83],[509880.31, 3953937.86],[509866.29, 3953967.92],[509853.14, 3953970.24],[509850.89, 3953969.94]]}
		]
	}
}
,
{
	"type" : "Feature",
	"properties" : {"ObjectType" : "POI_square","fname" : "دانش","name" : " ","id" : 1781},
	"geometry" : {"type" : "MultiPoint",
		"coordinates" : [[514278.21, 3955766.18]]
	}
}
,
{
	"type" : "Feature",
	"properties" : {"ObjectType" : "unknown(0x1100)","fname" : "دانش","name" : " ","id" : 1793},
	"geometry" : {"type" : "GeometryCollection",
		"geometries" : [
			{"type" : "LineString","coordinates" : [[514301.12, 3955766.07],[514301.03, 3955768.07],[514274.22, 3955788.64],[514256.06, 3955760.14],[514286.04, 3955744.53],[514301.03, 3955764.07],[514301.12, 3955766.07]]}
		]
	}
}
,
{
	"type" : "Feature",
	"properties" : {"ObjectType" : "unknown(0x1181)","fname" : "","name" : "","id" : 1896},
	"geometry" : {"type" : "GeometryCollection",
		"geometries" : [
			{"properties" : {"direction" : "oneway","flag" : "sideway"},"type" : "LineString","coordinates" : [[512361.61, 3952639.80],[512454.40, 3952694.49],[512467.92, 3952696.95],[512481.14, 3952694.80]]}
		]
	}
}
,
{
	"type" : "Feature",
	"properties" : {"ObjectType" : "unknown(0x1181)","fname" : "","name" : "","id" : 2014},
	"geometry" : {"type" : "GeometryCollection",
		"geometries" : [
			{"properties" : {"direction" : "oneway","flag" : "sideway"},"type" : "LineString","coordinates" : [[514542.78, 3953455.69],[514627.30, 3953425.75],[514657.41, 3953413.63],[514659.65, 3953412.56]]}
		]
	}
}
,
{
	"type" : "Feature",
	"properties" : {"ObjectType" : "unknown(0x1181)","fname" : "","name" : "","id" : 2016},
	"geometry" : {"type" : "GeometryCollection",
		"geometries" : [
			{"properties" : {"direction" : "oneway","flag" : "sideway"},"type" : "LineString","coordinates" : [[516478.59, 3953027.96],[516363.93, 3953076.72],[516478.59, 3953027.96],[516363.93, 3953076.72]]}
		]
	}
}
,
{
	"type" : "Feature",
	"properties" : {"ObjectType" : "unknown(0x1181)","fname" : "","name" : "","id" : 2023},
	"geometry" : {"type" : "GeometryCollection",
		"geometries" : [
			{"properties" : {"direction" : "oneway","flag" : "sideway"},"type" : "LineString","coordinates" : [[517561.42, 3952802.46],[517489.74, 3952808.26],[517458.65, 3952812.21],[517438.15, 3952813.11]]}
		]
	}
}
,
{
	"type" : "Feature",
	"properties" : {"ObjectType" : "POI_square","fname" : " ","name" : " ","id" : 2034},
	"geometry" : {"type" : "MultiPoint",
		"coordinates" : [[514798.80, 3954319.40]]
	}
}
,
{
	"type" : "Feature",
	"properties" : {"ObjectType" : "unknown(0x1181)","fname" : "","name" : "","id" : 2043},
	"geometry" : {"type" : "GeometryCollection",
		"geometries" : [
			{"properties" : {"direction" : "oneway","flag" : "sideway"},"type" : "LineString","coordinates" : [[509373.14, 3955151.13],[509282.12, 3955158.72],[509251.29, 3955156.57]]}
		]
	}
}
,
{
	"type" : "Feature",
	"properties" : {"ObjectType" : "unknown(0x1100)","fname" : " ","name" : " ","id" : 2048},
	"geometry" : {"type" : "GeometryCollection",
		"geometries" : [
			{"type" : "LineString","coordinates" : [[514811.35, 3954334.17],[514808.61, 3954336.11],[514779.38, 3954319.84],[514808.12, 3954302.33],[514813.34, 3954332.22],[514811.35, 3954334.17]]}
		]
	}
}
,
{
	"type" : "Feature",
	"properties" : {"ObjectType" : "unknown(0x1181)","fname" : "","name" : "","id" : 2202},
	"geometry" : {"type" : "GeometryCollection",
		"geometries" : [
			{"properties" : {"direction" : "oneway","flag" : "sideway"},"type" : "LineString","coordinates" : [[516170.62, 3953121.25],[516061.76, 3953125.58],[516170.62, 3953121.25],[516061.76, 3953125.58]]}
		]
	}
}
,
{
	"type" : "Feature",
	"properties" : {"ObjectType" : "unknown(0x1181)","fname" : "","name" : "","id" : 2205},
	"geometry" : {"type" : "GeometryCollection",
		"geometries" : [
			{"properties" : {"direction" : "oneway","flag" : "sideway"},"type" : "LineString","coordinates" : [[512913.82, 3952408.45],[513003.55, 3952347.02],[512913.82, 3952408.45],[513003.55, 3952347.02]]}
		]
	}
}
,
{
	"type" : "Feature",
	"properties" : {"ObjectType" : "unknown(0x1181)","fname" : "","name" : "","id" : 2288},
	"geometry" : {"type" : "GeometryCollection",
		"geometries" : [
			{"properties" : {"direction" : "oneway","flag" : "sideway"},"type" : "LineString","coordinates" : [[517443.14, 3952791.51],[517505.29, 3952768.77],[517533.66, 3952754.46],[517538.51, 3952751.82]]}
		]
	}
}
,
{
	"type" : "Feature",
	"properties" : {"ObjectType" : "unknown(0x1181)","fname" : "","name" : "","id" : 2348},
	"geometry" : {"type" : "GeometryCollection",
		"geometries" : [
			{"properties" : {"direction" : "oneway","flag" : "sideway"},"type" : "LineString","coordinates" : [[516908.34, 3950909.65],[516989.83, 3950850.83],[516908.34, 3950909.65],[516989.83, 3950850.83]]}
		]
	}
}
,
{
	"type" : "Feature",
	"properties" : {"ObjectType" : "unknown(0x1181)","fname" : "","name" : "","id" : 2367},
	"geometry" : {"type" : "GeometryCollection",
		"geometries" : [
			{"properties" : {"direction" : "oneway","flag" : "sideway"},"type" : "LineString","coordinates" : [[513680.04, 3953638.65],[513715.50, 3953640.21],[513778.90, 3953631.09]]}
		]
	}
}
,
{
	"type" : "Feature",
	"properties" : {"ObjectType" : "unknown(0x1181)","fname" : "","name" : "","id" : 2386},
	"geometry" : {"type" : "GeometryCollection",
		"geometries" : [
			{"properties" : {"direction" : "oneway","flag" : "sideway"},"type" : "LineString","coordinates" : [[512428.66, 3952740.40],[512429.21, 3952738.59],[512417.84, 3952704.79],[512400.94, 3952682.36],[512382.51, 3952656.40]]}
		]
	}
}
,
{
	"type" : "Feature",
	"properties" : {"ObjectType" : "unknown(0x1181)","fname" : "","name" : "","id" : 2412},
	"geometry" : {"type" : "GeometryCollection",
		"geometries" : [
			{"properties" : {"direction" : "oneway","flag" : "sideway"},"type" : "LineString","coordinates" : [[515449.83, 3951449.12],[515361.62, 3951490.39],[515449.83, 3951449.12],[515361.62, 3951490.39]]}
		]
	}
}
,
{
	"type" : "Feature",
	"properties" : {"ObjectType" : "unknown(0x1181)","fname" : "","name" : "","id" : 2442},
	"geometry" : {"type" : "GeometryCollection",
		"geometries" : [
			{"properties" : {"direction" : "oneway","flag" : "sideway"},"type" : "LineString","coordinates" : [[516670.77, 3953849.25],[516707.49, 3953888.85],[516731.27, 3953896.94],[516746.67, 3953900.18]]}
		]
	}
}
,
{
	"type" : "Feature",
	"properties" : {"ObjectType" : "unknown(0x1181)","fname" : "","name" : "","id" : 2451},
	"geometry" : {"type" : "GeometryCollection",
		"geometries" : [
			{"properties" : {"direction" : "oneway","flag" : "sideway"},"type" : "LineString","coordinates" : [[515334.87, 3953259.70],[515414.59, 3953253.08],[515427.88, 3953253.08],[515429.16, 3953253.20]]}
		]
	}
}
,
{
	"type" : "Feature",
	"properties" : {"ObjectType" : "unknown(0x1181)","fname" : "","name" : "","id" : 2535},
	"geometry" : {"type" : "GeometryCollection",
		"geometries" : [
			{"properties" : {"direction" : "oneway","flag" : "sideway"},"type" : "LineString","coordinates" : [[512530.60, 3952813.09],[512524.77, 3952814.94],[512454.10, 3952791.74],[512447.64, 3952790.66],[512444.95, 3952790.76]]}
		]
	}
}
,
{
	"type" : "Feature",
	"properties" : {"ObjectType" : "unknown(0x1181)","fname" : "","name" : "","id" : 2584},
	"geometry" : {"type" : "GeometryCollection",
		"geometries" : [
			{"properties" : {"direction" : "oneway","flag" : "sideway"},"type" : "LineString","coordinates" : [[512414.64, 3953988.14],[512376.12, 3953986.98],[512354.62, 3953986.34],[512326.60, 3953986.38]]}
		]
	}
}
,
{
	"type" : "Feature",
	"properties" : {"ObjectType" : "unknown(0x1181)","fname" : "","name" : "","id" : 2615},
	"geometry" : {"type" : "GeometryCollection",
		"geometries" : [
			{"properties" : {"direction" : "oneway","flag" : "sideway"},"type" : "LineString","coordinates" : [[517954.49, 3950397.08],[518023.39, 3950345.76],[517954.49, 3950397.08],[518023.39, 3950345.76]]}
		]
	}
}
,
{
	"type" : "Feature",
	"properties" : {"ObjectType" : "unknown(0x1181)","fname" : "","name" : "","id" : 2627},
	"geometry" : {"type" : "GeometryCollection",
		"geometries" : [
			{"properties" : {"direction" : "oneway","flag" : "sideway"},"type" : "LineString","coordinates" : [[514761.66, 3953446.10],[514676.30, 3953445.55],[514761.66, 3953446.10],[514676.30, 3953445.55]]}
		]
	}
}
,
{
	"type" : "Feature",
	"properties" : {"ObjectType" : "unknown(0x1181)","fname" : "","name" : "","id" : 2652},
	"geometry" : {"type" : "GeometryCollection",
		"geometries" : [
			{"properties" : {"direction" : "oneway","flag" : "sideway"},"type" : "LineString","coordinates" : [[512104.41, 3953091.66],[512055.64, 3953159.77],[512104.41, 3953091.66],[512055.64, 3953159.77]]}
		]
	}
}
,
{
	"type" : "Feature",
	"properties" : {"ObjectType" : "unknown(0x1181)","fname" : "","name" : "","id" : 2676},
	"geometry" : {"type" : "GeometryCollection",
		"geometries" : [
			{"properties" : {"direction" : "oneway","flag" : "sideway"},"type" : "LineString","coordinates" : [[517206.62, 3950743.36],[517286.59, 3950722.62],[517206.62, 3950743.36],[517286.59, 3950722.62]]}
		]
	}
}
,
{
	"type" : "Feature",
	"properties" : {"ObjectType" : "unknown(0x1181)","fname" : "","name" : "","id" : 2701},
	"geometry" : {"type" : "GeometryCollection",
		"geometries" : [
			{"properties" : {"direction" : "oneway","flag" : "sideway"},"type" : "LineString","coordinates" : [[513965.52, 3953608.76],[513893.70, 3953647.15],[513965.52, 3953608.76],[513893.70, 3953647.15]]}
		]
	}
}
,
{
	"type" : "Feature",
	"properties" : {"ObjectType" : "unknown(0x1181)","fname" : "","name" : "","id" : 2702},
	"geometry" : {"type" : "GeometryCollection",
		"geometries" : [
			{"properties" : {"direction" : "oneway","flag" : "sideway"},"type" : "LineString","coordinates" : [[516637.55, 3953950.38],[516652.80, 3953935.94],[516666.59, 3953896.47],[516666.59, 3953886.48],[516666.73, 3953878.42]]}
		]
	}
}
,
{
	"type" : "Feature",
	"properties" : {"ObjectType" : "freeway","fname" : " ","name" : " ","id" : 2733},
	"geometry" : {"type" : "GeometryCollection",
		"geometries" : [
			{"properties" : {"direction" : "oneway","flag" : "bridge"},"type" : "LineString","coordinates" : [[513846.14, 3955340.65],[513918.04, 3955305.50],[513846.14, 3955340.65],[513918.04, 3955305.50]]}
		]
	}
}
,
{
	"type" : "Feature",
	"properties" : {"ObjectType" : "unknown(0x1181)","fname" : "","name" : "","id" : 2801},
	"geometry" : {"type" : "GeometryCollection",
		"geometries" : [
			{"properties" : {"direction" : "oneway","flag" : "sideway"},"type" : "LineString","coordinates" : [[516032.20, 3951259.27],[516101.03, 3951224.62],[516032.20, 3951259.27],[516101.03, 3951224.62]]}
		]
	}
}
,
{
	"type" : "Feature",
	"properties" : {"ObjectType" : "freeway","fname" : " ","name" : " ","id" : 2809},
	"geometry" : {"type" : "GeometryCollection",
		"geometries" : [
			{"properties" : {"direction" : "oneway","flag" : "bridge"},"type" : "LineString","coordinates" : [[513921.44, 3955321.65],[513852.38, 3955355.41],[513921.44, 3955321.65],[513852.38, 3955355.41]]}
		]
	}
}
,
{
	"type" : "Feature",
	"properties" : {"ObjectType" : "unknown(0x1181)","fname" : "","name" : "","id" : 2813},
	"geometry" : {"type" : "GeometryCollection",
		"geometries" : [
			{"properties" : {"direction" : "oneway","flag" : "sideway"},"type" : "LineString","coordinates" : [[516236.82, 3953064.03],[516307.41, 3953034.28],[516236.82, 3953064.03],[516307.41, 3953034.28]]}
		]
	}
}
,
{
	"type" : "Feature",
	"properties" : {"ObjectType" : "unknown(0x1181)","fname" : "","name" : "","id" : 2839},
	"geometry" : {"type" : "GeometryCollection",
		"geometries" : [
			{"properties" : {"direction" : "oneway","flag" : "sideway"},"type" : "LineString","coordinates" : [[517355.77, 3953881.65],[517321.87, 3953918.74],[517317.65, 3953940.75],[517317.70, 3953943.35]]}
		]
	}
}
,
{
	"type" : "Feature",
	"properties" : {"ObjectType" : "mainstreet","fname" : " ","name" : " ","id" : 2848},
	"geometry" : {"type" : "GeometryCollection",
		"geometries" : [
			{"properties" : {"direction" : "oneway","flag" : "bridge"},"type" : "LineString","coordinates" : [[513629.11, 3951779.32],[513662.89, 3951846.51],[513629.11, 3951779.32],[513662.89, 3951846.51]]}
		]
	}
}
,
{
	"type" : "Feature",
	"properties" : {"ObjectType" : "bystreet","fname" : " ","name" : " ","id" : 2884},
	"geometry" : {"type" : "GeometryCollection",
		"geometries" : [
			{"properties" : {"direction" : "oneway","flag" : "bridge"},"type" : "LineString","coordinates" : [[514575.73, 3955826.38],[514565.67, 3955829.14],[514502.13, 3955826.97]]}
		]
	}
}
,
{
	"type" : "Feature",
	"properties" : {"ObjectType" : "mainstreet","fname" : " ","name" : " ","id" : 2908},
	"geometry" : {"type" : "GeometryCollection",
		"geometries" : [
			{"properties" : {"direction" : "oneway","flag" : "bridge"},"type" : "LineString","coordinates" : [[513647.93, 3951853.24],[513615.08, 3951788.03],[513647.93, 3951853.24],[513615.08, 3951788.03]]}
		]
	}
}
,
{
	"type" : "Feature",
	"properties" : {"ObjectType" : "bystreet","fname" : " ","name" : " ","id" : 2966},
	"geometry" : {"type" : "GeometryCollection",
		"geometries" : [
			{"properties" : {"direction" : "oneway","flag" : "bridge"},"type" : "LineString","coordinates" : [[514504.50, 3955818.49],[514558.75, 3955820.98],[514574.38, 3955820.73]]}
		]
	}
}
,
{
	"type" : "Feature",
	"properties" : {"ObjectType" : "freeway","fname" : " ","name" : " ","id" : 2992},
	"geometry" : {"type" : "GeometryCollection",
		"geometries" : [
			{"properties" : {"direction" : "oneway","flag" : "bridge"},"type" : "LineString","coordinates" : [[517197.35, 3953707.42],[517259.34, 3953677.30],[517197.35, 3953707.42],[517259.34, 3953677.30]]}
		]
	}
}
,
{
	"type" : "Feature",
	"properties" : {"ObjectType" : "freeway","fname" : " ","name" : " ","id" : 2994},
	"geometry" : {"type" : "GeometryCollection",
		"geometries" : [
			{"properties" : {"direction" : "oneway","flag" : "bridge"},"type" : "LineString","coordinates" : [[517262.80, 3953693.42],[517200.85, 3953723.52],[517262.80, 3953693.42],[517200.85, 3953723.52]]}
		]
	}
}
,
{
	"type" : "Feature",
	"properties" : {"ObjectType" : "unknown(0x1181)","fname" : "","name" : "","id" : 3000},
	"geometry" : {"type" : "GeometryCollection",
		"geometries" : [
			{"properties" : {"direction" : "oneway","flag" : "sideway"},"type" : "LineString","coordinates" : [[512101.71, 3954017.63],[512164.19, 3953989.33],[512101.71, 3954017.63],[512164.19, 3953989.33]]}
		]
	}
}
,
{
	"type" : "Feature",
	"properties" : {"ObjectType" : "unknown(0x1181)","fname" : "","name" : "","id" : 3027},
	"geometry" : {"type" : "GeometryCollection",
		"geometries" : [
			{"properties" : {"direction" : "oneway","flag" : "sideway"},"type" : "LineString","coordinates" : [[517517.09, 3955119.94],[517529.78, 3955131.98],[517561.28, 3955109.60],[517561.58, 3955109.22]]}
		]
	}
}
,
{
	"type" : "Feature",
	"properties" : {"ObjectType" : "unknown(0x1181)","fname" : "","name" : "","id" : 3051},
	"geometry" : {"type" : "GeometryCollection",
		"geometries" : [
			{"properties" : {"direction" : "oneway","flag" : "sideway"},"type" : "LineString","coordinates" : [[516954.19, 3950905.81],[516902.12, 3950947.62],[516954.19, 3950905.81],[516902.12, 3950947.62]]}
		]
	}
}
,
{
	"type" : "Feature",
	"properties" : {"ObjectType" : "unknown(0x1181)","fname" : "","name" : "","id" : 3085},
	"geometry" : {"type" : "GeometryCollection",
		"geometries" : [
			{"properties" : {"direction" : "oneway","flag" : "sideway"},"type" : "LineString","coordinates" : [[513428.82, 3953711.41],[513469.25, 3953695.61],[513486.85, 3953682.32]]}
		]
	}
}
,
{
	"type" : "Feature",
	"properties" : {"ObjectType" : "unknown(0x1181)","fname" : "","name" : "","id" : 3089},
	"geometry" : {"type" : "GeometryCollection",
		"geometries" : [
			{"properties" : {"direction" : "oneway","flag" : "sideway"},"type" : "LineString","coordinates" : [[517243.04, 3953897.48],[517272.33, 3953859.98],[517278.71, 3953843.95]]}
		]
	}
}
,
{
	"type" : "Feature",
	"properties" : {"ObjectType" : "unknown(0x1181)","fname" : "","name" : "","id" : 3105},
	"geometry" : {"type" : "GeometryCollection",
		"geometries" : [
			{"properties" : {"direction" : "oneway","flag" : "sideway"},"type" : "LineString","coordinates" : [[517545.32, 3955177.28],[517529.23, 3955138.61],[517517.09, 3955119.94]]}
		]
	}
}
,
{
	"type" : "Feature",
	"properties" : {"ObjectType" : "unknown(0x1181)","fname" : "","name" : "","id" : 3147},
	"geometry" : {"type" : "GeometryCollection",
		"geometries" : [
			{"properties" : {"direction" : "oneway","flag" : "sideway"},"type" : "LineString","coordinates" : [[516031.89, 3951293.11],[515969.14, 3951295.83],[516031.89, 3951293.11],[515969.14, 3951295.83]]}
		]
	}
}
,
{
	"type" : "Feature",
	"properties" : {"ObjectType" : "POI_square","fname" : " ","name" : " ","id" : 3236},
	"geometry" : {"type" : "MultiPoint",
		"coordinates" : [[516442.18, 3952371.02]]
	}
}
,
{
	"type" : "Feature",
	"properties" : {"ObjectType" : "unknown(0x1100)","fname" : " ","name" : " ","id" : 3260},
	"geometry" : {"type" : "GeometryCollection",
		"geometries" : [
			{"type" : "LineString","coordinates" : [[516442.24, 3952381.24],[516439.88, 3952380.92],[516444.98, 3952380.84],[516442.24, 3952381.24]]}
		]
	}
}
,
{
	"type" : "Feature",
	"properties" : {"ObjectType" : "unknown(0x1181)","fname" : "","name" : "","id" : 3271},
	"geometry" : {"type" : "GeometryCollection",
		"geometries" : [
			{"properties" : {"direction" : "oneway","flag" : "sideway"},"type" : "LineString","coordinates" : [[516539.18, 3952981.71],[516596.83, 3952980.86],[516539.18, 3952981.71],[516596.83, 3952980.86]]}
		]
	}
}
,
{
	"type" : "Feature",
	"properties" : {"ObjectType" : "POI_square","fname" : " ","name" : " ","id" : 3394},
	"geometry" : {"type" : "MultiPoint",
		"coordinates" : [[512687.38, 3955618.22]]
	}
}
,
{
	"type" : "Feature",
	"properties" : {"ObjectType" : "unknown(0x1100)","fname" : " ","name" : " ","id" : 3421},
	"geometry" : {"type" : "GeometryCollection",
		"geometries" : [
			{"type" : "LineString","coordinates" : [[512696.45, 3955623.63],[512694.11, 3955624.95],[512696.79, 3955622.76],[512696.45, 3955623.63]]}
		]
	}
}
,
{
	"type" : "Feature",
	"properties" : {"ObjectType" : "unknown(0x1181)","fname" : "","name" : "","id" : 3446},
	"geometry" : {"type" : "GeometryCollection",
		"geometries" : [
			{"properties" : {"direction" : "oneway","flag" : "sideway"},"type" : "LineString","coordinates" : [[512561.17, 3953897.55],[512611.58, 3953899.27],[512561.17, 3953897.55],[512611.58, 3953899.27]]}
		]
	}
}
,
{
	"type" : "Feature",
	"properties" : {"ObjectType" : "mainstreet","fname" : " ","name" : " ","id" : 3481},
	"geometry" : {"type" : "GeometryCollection",
		"geometries" : [
			{"properties" : {"direction" : "oneway","flag" : "bridge"},"type" : "LineString","coordinates" : [[513753.86, 3952027.48],[513776.12, 3952071.66],[513753.86, 3952027.48],[513776.12, 3952071.66]]}
		]
	}
}
,
{
	"type" : "Feature",
	"properties" : {"ObjectType" : "freeway","fname" : " ","name" : " ","id" : 3485},
	"geometry" : {"type" : "GeometryCollection",
		"geometries" : [
			{"properties" : {"direction" : "oneway","flag" : "bridge"},"type" : "LineString","coordinates" : [[512666.41, 3955647.28],[512715.63, 3955644.23],[512666.41, 3955647.28],[512715.63, 3955644.23]]}
		]
	}
}
,
{
	"type" : "Feature",
	"properties" : {"ObjectType" : "unknown(0x1181)","fname" : "","name" : "","id" : 3497},
	"geometry" : {"type" : "GeometryCollection",
		"geometries" : [
			{"properties" : {"direction" : "oneway","flag" : "sideway"},"type" : "LineString","coordinates" : [[517770.32, 3950518.56],[517723.35, 3950531.59],[517770.32, 3950518.56],[517723.35, 3950531.59]]}
		]
	}
}
,
{
	"type" : "Feature",
	"properties" : {"ObjectType" : "mainstreet","fname" : " ","name" : " ","id" : 3501},
	"geometry" : {"type" : "GeometryCollection",
		"geometries" : [
			{"properties" : {"direction" : "oneway","flag" : "bridge"},"type" : "LineString","coordinates" : [[513760.37, 3952076.80],[513738.11, 3952033.65],[513760.37, 3952076.80],[513738.11, 3952033.65]]}
		]
	}
}
,
{
	"type" : "Feature",
	"properties" : {"ObjectType" : "unknown(0x1181)","fname" : "","name" : "","id" : 3614},
	"geometry" : {"type" : "GeometryCollection",
		"geometries" : [
			{"properties" : {"direction" : "oneway","flag" : "sideway"},"type" : "LineString","coordinates" : [[507840.01, 3955544.75],[507798.19, 3955556.32],[507840.01, 3955544.75],[507798.19, 3955556.32]]}
		]
	}
}
,
{
	"type" : "Feature",
	"properties" : {"ObjectType" : "mainstreet","fname" : " ","name" : " ","id" : 3623},
	"geometry" : {"type" : "GeometryCollection",
		"geometries" : [
			{"properties" : {"direction" : "oneway","flag" : "bridge"},"type" : "LineString","coordinates" : [[515094.16, 3954918.76],[515076.32, 3954879.43],[515094.16, 3954918.76],[515076.32, 3954879.43]]}
		]
	}
}
,
{
	"type" : "Feature",
	"properties" : {"ObjectType" : "mainstreet","fname" : " ","name" : " ","id" : 3627},
	"geometry" : {"type" : "GeometryCollection",
		"geometries" : [
			{"properties" : {"direction" : "oneway","flag" : "bridge"},"type" : "LineString","coordinates" : [[515082.39, 3954880.39],[515100.70, 3954919.29],[515082.39, 3954880.39],[515100.70, 3954919.29]]}
		]
	}
}
,
{
	"type" : "Feature",
	"properties" : {"ObjectType" : "freeway","fname" : " ","name" : " ","id" : 3633},
	"geometry" : {"type" : "GeometryCollection",
		"geometries" : [
			{"properties" : {"direction" : "oneway","flag" : "bridge"},"type" : "LineString","coordinates" : [[508169.94, 3955720.58],[508210.10, 3955706.08],[508169.94, 3955720.58],[508210.10, 3955706.08]]}
		]
	}
}
,
{
	"type" : "Feature",
	"properties" : {"ObjectType" : "freeway","fname" : " ","name" : " ","id" : 3636},
	"geometry" : {"type" : "GeometryCollection",
		"geometries" : [
			{"properties" : {"direction" : "oneway","flag" : "bridge"},"type" : "LineString","coordinates" : [[508213.78, 3955721.28],[508173.84, 3955736.19],[508213.78, 3955721.28],[508173.84, 3955736.19]]}
		]
	}
}
,
{
	"type" : "Feature",
	"properties" : {"ObjectType" : "freeway","fname" : " ","name" : " ","id" : 3653},
	"geometry" : {"type" : "GeometryCollection",
		"geometries" : [
			{"properties" : {"direction" : "oneway","flag" : "bridge"},"type" : "LineString","coordinates" : [[512714.04, 3955660.38],[512672.29, 3955663.20],[512714.04, 3955660.38],[512672.29, 3955663.20]]}
		]
	}
}
,
{
	"type" : "Feature",
	"properties" : {"ObjectType" : "unknown(0x1181)","fname" : "","name" : "","id" : 3781},
	"geometry" : {"type" : "GeometryCollection",
		"geometries" : [
			{"properties" : {"direction" : "oneway","flag" : "sideway"},"type" : "LineString","coordinates" : [[517296.12, 3953851.82],[517305.20, 3953863.15],[517311.22, 3953870.66],[517318.78, 3953877.22]]}
		]
	}
}
,
{
	"type" : "Feature",
	"properties" : {"ObjectType" : "highway","fname" : " ","name" : " ","id" : 3879},
	"geometry" : {"type" : "GeometryCollection",
		"geometries" : [
			{"properties" : {"direction" : "oneway","flag" : "bridge"},"type" : "LineString","coordinates" : [[512483.59, 3952733.49],[512463.75, 3952752.09],[512483.59, 3952733.49],[512463.75, 3952752.09]]}
		]
	}
}
,
{
	"type" : "Feature",
	"properties" : {"ObjectType" : "highway","fname" : " ","name" : " ","id" : 3882},
	"geometry" : {"type" : "GeometryCollection",
		"geometries" : [
			{"properties" : {"direction" : "oneway","flag" : "bridge"},"type" : "LineString","coordinates" : [[512452.99, 3952740.09],[512472.76, 3952721.79],[512452.99, 3952740.09],[512472.76, 3952721.79]]}
		]
	}
}
,
{
	"type" : "Feature",
	"properties" : {"ObjectType" : "unknown(0x1181)","fname" : "","name" : "","id" : 3908},
	"geometry" : {"type" : "GeometryCollection",
		"geometries" : [
			{"properties" : {"direction" : "oneway","flag" : "sideway"},"type" : "LineString","coordinates" : [[512460.29, 3952776.53],[512458.75, 3952782.61],[512463.56, 3952789.91],[512470.57, 3952795.95]]}
		]
	}
}
,
{
	"type" : "Feature",
	"properties" : {"ObjectType" : "region","fname" : "ازاد شهر- پیکان شهر","name" : "","id" : 3998},
	"geometry" : {"type" : "MultiPoint",
		"coordinates" : [[516479.39, 3954954.12]]
	}
}
,
{
	"type" : "Feature",
	"properties" : {"ObjectType" : "region","fname" : "ویلا شهر","name" : "","id" : 3999},
	"geometry" : {"type" : "MultiPoint",
		"coordinates" : [[515812.49, 3953765.78]]
	}
}
,
{
	"type" : "Feature",
	"properties" : {"ObjectType" : "region","fname" : "شهرک شهرداری","name" : "","id" : 4000},
	"geometry" : {"type" : "MultiPoint",
		"coordinates" : [[516419.66, 3953549.12]]
	}
}
,
{
	"type" : "Feature",
	"properties" : {"ObjectType" : "region","fname" : "شهرک غزالی","name" : "","id" : 4001},
	"geometry" : {"type" : "MultiPoint",
		"coordinates" : [[514499.15, 3954233.05]]
	}
}
,
{
	"type" : "Feature",
	"properties" : {"ObjectType" : "region","fname" : "وردآورد","name" : "","id" : 4002},
	"geometry" : {"type" : "MultiPoint",
		"coordinates" : [[511837.33, 3954877.22]]
	}
}
,
{
	"type" : "Feature",
	"properties" : {"ObjectType" : "region","fname" : "شهرک دانشگاه تهران","name" : "","id" : 4008},
	"geometry" : {"type" : "MultiPoint",
		"coordinates" : [[517924.12, 3951973.34]]
	}
}
,
{
	"type" : "Feature",
	"properties" : {"ObjectType" : "region","fname" : "چیتگرشمالی","name" : "","id" : 4014},
	"geometry" : {"type" : "MultiPoint",
		"coordinates" : [[516858.09, 3953398.60]]
	}
}
,
{
	"type" : "Feature",
	"properties" : {"ObjectType" : "region","fname" : "چیتگرجنوبی","name" : "","id" : 4015},
	"geometry" : {"type" : "MultiPoint",
		"coordinates" : [[514503.32, 3952679.15]]
	}
}
]
}