{"type": "FeatureCollection",
"bbox" : [544620.21, 3931531.69, 557856.18, 3939678.63],
"center" : [551238.19, 3935605.16],
"features": [
{
	"type" : "Feature",
	"properties" : {"ObjectType" : "unknown(0x1181)","fname" : "","name" : "","id" : 99},
	"geometry" : {"type" : "GeometryCollection",
		"geometries" : [
			{"properties" : {"direction" : "oneway","flag" : "sideway"},"type" : "LineString","coordinates" : [[548592.56, 3937616.33],[548458.81, 3937861.99],[548416.68, 3937940.80],[548372.72, 3937954.46],[548322.61, 3937929.64],[548139.02, 3937683.30],[548123.31, 3937661.54],[548121.77, 3937653.75]]}
		]
	}
}
,
{
	"type" : "Feature",
	"properties" : {"ObjectType" : "unknown(0x1181)","fname" : "","name" : "","id" : 187},
	"geometry" : {"type" : "GeometryCollection",
		"geometries" : [
			{"properties" : {"direction" : "oneway","flag" : "sideway"},"type" : "LineString","coordinates" : [[544772.06, 3932124.17],[544696.82, 3932270.87],[544691.66, 3932321.89],[544683.38, 3932573.21],[544700.97, 3932626.48],[544724.41, 3932672.67],[544734.41, 3932692.32],[544744.17, 3932719.61]]}
		]
	}
}
,
{
	"type" : "Feature",
	"properties" : {"ObjectType" : "unknown(0x1182)","fname" : "","name" : "","id" : 275},
	"geometry" : {"type" : "GeometryCollection",
		"geometries" : [
			{"properties" : {"direction" : "oneway","flag" : "sideway"},"type" : "LineString","coordinates" : [[548149.96, 3937691.72],[548364.75, 3937941.82],[548402.11, 3937936.36],[548421.92, 3937898.77],[548410.76, 3937859.14],[548377.96, 3937843.42],[548348.35, 3937851.39],[548340.67, 3937853.25]]}
		]
	}
}
,
{
	"type" : "Feature",
	"properties" : {"ObjectType" : "unknown(0x1181)","fname" : "","name" : "","id" : 411},
	"geometry" : {"type" : "GeometryCollection",
		"geometries" : [
			{"properties" : {"direction" : "oneway","flag" : "sideway"},"type" : "LineString","coordinates" : [[544597.99, 3932224.05],[544625.01, 3932219.89],[544652.72, 3932211.92],[544705.85, 3932178.26]]}
		]
	}
}
,
{
	"type" : "Feature",
	"properties" : {"ObjectType" : "unknown(0x1181)","fname" : "","name" : "","id" : 420},
	"geometry" : {"type" : "GeometryCollection",
		"geometries" : [
			{"properties" : {"direction" : "oneway","flag" : "sideway"},"type" : "LineString","coordinates" : [[544729.43, 3932697.84],[544624.78, 3932593.03],[544604.43, 3932584.76]]}
		]
	}
}
,
{
	"type" : "Feature",
	"properties" : {"ObjectType" : "unknown(0x1181)","fname" : "","name" : "","id" : 606},
	"geometry" : {"type" : "GeometryCollection",
		"geometries" : [
			{"properties" : {"direction" : "oneway","flag" : "sideway"},"type" : "LineString","coordinates" : [[548212.93, 3937952.40],[548237.19, 3937900.82],[548224.67, 3937856.63],[548111.68, 3937653.23],[548111.72, 3937640.78]]}
		]
	}
}
,
{
	"type" : "Feature",
	"properties" : {"ObjectType" : "unknown(0x1182)","fname" : "","name" : "","id" : 664},
	"geometry" : {"type" : "GeometryCollection",
		"geometries" : [
			{"properties" : {"direction" : "oneway","flag" : "sideway"},"type" : "LineString","coordinates" : [[548138.29, 3937675.07],[548227.86, 3937729.76],[548263.16, 3937734.89],[548425.56, 3937742.29],[548436.50, 3937736.71],[548448.23, 3937731.58]]}
		]
	}
}
,
{
	"type" : "Feature",
	"properties" : {"ObjectType" : "unknown(0x1182)","fname" : "","name" : "","id" : 869},
	"geometry" : {"type" : "GeometryCollection",
		"geometries" : [
			{"properties" : {"direction" : "oneway","flag" : "sideway"},"type" : "LineString","coordinates" : [[544604.78, 3932470.65],[544620.99, 3932470.65],[544651.31, 3932452.03],[544662.69, 3932414.80],[544653.39, 3932370.33],[544628.56, 3932349.99],[544618.92, 3932346.54]]}
		]
	}
}
,
{
	"type" : "Feature",
	"properties" : {"ObjectType" : "unknown(0x1182)","fname" : "","name" : "","id" : 1211},
	"geometry" : {"type" : "GeometryCollection",
		"geometries" : [
			{"properties" : {"direction" : "oneway","flag" : "sideway"},"type" : "LineString","coordinates" : [[548338.04, 3937836.90],[548347.21, 3937815.52],[548341.29, 3937782.72],[548316.01, 3937761.76],[548277.51, 3937755.61],[548247.44, 3937781.81],[548246.54, 3937802.54],[548249.50, 3937816.55]]}
		]
	}
}
,
{
	"type" : "Feature",
	"properties" : {"ObjectType" : "highway","fname" : " ","name" : " ","id" : 3046},
	"geometry" : {"type" : "GeometryCollection",
		"geometries" : [
			{"properties" : {"direction" : "oneway","flag" : "bridge"},"type" : "LineString","coordinates" : [[548326.87, 3937866.77],[548279.03, 3937913.65],[548326.87, 3937866.77],[548279.03, 3937913.65]]}
		]
	}
}
,
{
	"type" : "Feature",
	"properties" : {"ObjectType" : "highway","fname" : " ","name" : " ","id" : 3049},
	"geometry" : {"type" : "GeometryCollection",
		"geometries" : [
			{"properties" : {"direction" : "oneway","flag" : "bridge"},"type" : "LineString","coordinates" : [[548268.84, 3937900.78],[548317.94, 3937855.45],[548268.84, 3937900.78],[548317.94, 3937855.45]]}
		]
	}
}
]
}