{"type": "FeatureCollection",
"bbox" : [511530.30, 3955972.51, 518148.28, 3960045.98],
"center" : [514839.29, 3958009.25],
"features": [
{
	"type" : "Feature",
	"properties" : {"ObjectType" : "unknown(0x1181)","fname" : "","name" : "","id" : 356},
	"geometry" : {"type" : "GeometryCollection",
		"geometries" : [
			{"properties" : {"direction" : "oneway","flag" : "sideway"},"type" : "LineString","coordinates" : [[517309.69, 3956909.71],[517355.10, 3956914.13],[517678.69, 3957025.43],[517741.50, 3957038.95],[517762.92, 3957043.44]]}
		]
	}
}
,
{
	"type" : "Feature",
	"properties" : {"ObjectType" : "unknown(0x1181)","fname" : "","name" : "","id" : 551},
	"geometry" : {"type" : "GeometryCollection",
		"geometries" : [
			{"properties" : {"direction" : "oneway","flag" : "sideway"},"type" : "LineString","coordinates" : [[518089.87, 3957108.35],[518095.14, 3957098.50],[518094.22, 3957093.61],[518088.11, 3957085.97],[518081.69, 3957084.14],[518027.30, 3957089.03],[517977.18, 3957081.39],[517872.67, 3957044.26],[517840.28, 3957031.12],[517823.17, 3957014.93],[517811.25, 3956983.45],[517804.37, 3956959.40]]}
		]
	}
}
,
{
	"type" : "Feature",
	"properties" : {"ObjectType" : "region","fname" : "شهرک شهید باقری","name" : "","id" : 3989},
	"geometry" : {"type" : "MultiPoint",
		"coordinates" : [[516518.42, 3956940.61]]
	}
}
,
{
	"type" : "Feature",
	"properties" : {"ObjectType" : "region","fname" : "شهرک دانشگاه صنعتی شریف","name" : "","id" : 3997},
	"geometry" : {"type" : "MultiPoint",
		"coordinates" : [[512515.93, 3956265.82]]
	}
}
]
}