{"type": "FeatureCollection",
"bbox" : [524766.26, 3960045.98, 531384.25, 3964119.46],
"center" : [528075.25, 3962082.72],
"features": [
{
	"type" : "Feature",
	"properties" : {"ObjectType" : "region","fname" : "فرحزاد","name" : "","id" : 4303},
	"geometry" : {"type" : "MultiPoint",
		"coordinates" : [[531046.12, 3960678.88]]
	}
}
,
{
	"type" : "Feature",
	"properties" : {"ObjectType" : "region","fname" : "مرادآباد","name" : "","id" : 4355},
	"geometry" : {"type" : "MultiPoint",
		"coordinates" : [[529480.62, 3960136.18]]
	}
}
,
{
	"type" : "Feature",
	"properties" : {"ObjectType" : "region","fname" : "حصارک","name" : "","id" : 4356},
	"geometry" : {"type" : "MultiPoint",
		"coordinates" : [[528073.51, 3960054.62]]
	}
}
,
{
	"type" : "Feature",
	"properties" : {"ObjectType" : "region","fname" : "شهرک نفت","name" : "","id" : 4364},
	"geometry" : {"type" : "MultiPoint",
		"coordinates" : [[530520.10, 3960883.93]]
	}
}
]
}