{"type": "FeatureCollection",
"bbox" : [524766.26, 3943752.10, 531384.25, 3947825.57],
"center" : [528075.25, 3945788.83],
"features": [
{
	"type" : "Feature",
	"properties" : {"ObjectType" : "POI_square","fname" : "مفتح","name" : "Mofatteh","id" : 406},
	"geometry" : {"type" : "MultiPoint",
		"coordinates" : [[530381.34, 3944430.91]]
	}
}
,
{
	"type" : "Feature",
	"properties" : {"ObjectType" : "unknown(0x1100)","fname" : "مفتح","name" : "Mofatteh","id" : 408},
	"geometry" : {"type" : "GeometryCollection",
		"geometries" : [
			{"type" : "LineString","coordinates" : [[530389.99, 3944396.04],[530427.16, 3944371.55],[530432.07, 3944370.72],[530437.00, 3944369.89],[530450.87, 3944369.45],[530455.05, 3944371.87],[530457.68, 3944375.17],[530458.13, 3944393.22],[530451.75, 3944411.49],[530415.62, 3944462.10],[530394.55, 3944483.74],[530383.73, 3944489.44],[530369.39, 3944488.23],[530364.07, 3944486.03],[530358.39, 3944483.06],[530303.60, 3944449.32],[530300.75, 3944446.87],[530296.27, 3944443.01],[530292.60, 3944437.04],[530294.88, 3944423.94],[530298.87, 3944421.38],[530302.98, 3944419.08],[530308.27, 3944416.83],[530313.68, 3944414.83],[530364.93, 3944405.72],[530385.59, 3944397.38],[530387.78, 3944396.71],[530389.99, 3944396.04]]}
		]
	}
}
,
{
	"type" : "Feature",
	"properties" : {"ObjectType" : "POI_square","fname" : " ","name" : " ","id" : 528},
	"geometry" : {"type" : "MultiPoint",
		"coordinates" : [[526062.26, 3945180.18]]
	}
}
,
{
	"type" : "Feature",
	"properties" : {"ObjectType" : "unknown(0x1100)","fname" : " ","name" : " ","id" : 531},
	"geometry" : {"type" : "GeometryCollection",
		"geometries" : [
			{"type" : "LineString","coordinates" : [[526114.82, 3945199.82],[526075.43, 3945214.28],[526068.01, 3945215.65],[526061.98, 3945216.77],[526014.12, 3945214.77],[526000.16, 3945209.79],[525988.18, 3945201.31],[525983.71, 3945191.34],[525984.21, 3945181.87],[525990.68, 3945173.39],[526028.07, 3945152.46],[526045.53, 3945146.97],[526092.60, 3945143.44],[526106.35, 3945145.97],[526120.31, 3945148.97],[526133.27, 3945155.45],[526141.25, 3945163.42],[526142.75, 3945172.40],[526123.80, 3945192.34],[526114.82, 3945199.82]]}
		]
	}
}
,
{
	"type" : "Feature",
	"properties" : {"ObjectType" : "unknown(0x1181)","fname" : "","name" : "","id" : 722},
	"geometry" : {"type" : "GeometryCollection",
		"geometries" : [
			{"properties" : {"direction" : "oneway","flag" : "sideway"},"type" : "LineString","coordinates" : [[531394.81, 3945148.85],[531360.62, 3945138.27],[531349.87, 3945132.99]]}
		]
	}
}
,
{
	"type" : "Feature",
	"properties" : {"ObjectType" : "unknown(0x1181)","fname" : "","name" : "","id" : 1058},
	"geometry" : {"type" : "GeometryCollection",
		"geometries" : [
			{"properties" : {"direction" : "oneway","flag" : "sideway"},"type" : "LineString","coordinates" : [[527953.46, 3947552.50],[527962.42, 3947581.70],[527969.89, 3947593.69],[527981.89, 3947601.84],[527998.41, 3947605.91],[528036.21, 3947601.61],[528073.78, 3947594.60],[528131.04, 3947577.74],[528148.01, 3947570.72],[528154.28, 3947568.13],[528156.02, 3947567.12]]}
		]
	}
}
,
{
	"type" : "Feature",
	"properties" : {"ObjectType" : "unknown(0x1181)","fname" : "","name" : "","id" : 1072},
	"geometry" : {"type" : "GeometryCollection",
		"geometries" : [
			{"properties" : {"direction" : "oneway","flag" : "sideway"},"type" : "LineString","coordinates" : [[527872.04, 3947343.42],[527895.59, 3947338.07],[527916.31, 3947325.96],[527919.81, 3947317.03],[527921.10, 3947171.99],[527924.60, 3947139.16],[527925.02, 3947137.29]]}
		]
	}
}
,
{
	"type" : "Feature",
	"properties" : {"ObjectType" : "unknown(0x1181)","fname" : "","name" : "","id" : 1183},
	"geometry" : {"type" : "GeometryCollection",
		"geometries" : [
			{"properties" : {"direction" : "oneway","flag" : "sideway"},"type" : "LineString","coordinates" : [[527937.02, 3947136.84],[527945.31, 3947223.63],[527950.03, 3947324.14],[527952.57, 3947329.49],[527961.69, 3947335.57],[527973.16, 3947339.07]]}
		]
	}
}
,
{
	"type" : "Feature",
	"properties" : {"ObjectType" : "unknown(0x1181)","fname" : "","name" : "","id" : 1349},
	"geometry" : {"type" : "GeometryCollection",
		"geometries" : [
			{"properties" : {"direction" : "oneway","flag" : "sideway"},"type" : "LineString","coordinates" : [[527932.41, 3947534.60],[527922.73, 3947358.81],[527919.69, 3947356.10],[527913.65, 3947354.64],[527905.61, 3947352.00]]}
		]
	}
}
,
{
	"type" : "Feature",
	"properties" : {"ObjectType" : "unknown(0x1181)","fname" : "","name" : "","id" : 1376},
	"geometry" : {"type" : "GeometryCollection",
		"geometries" : [
			{"properties" : {"direction" : "oneway","flag" : "sideway"},"type" : "LineString","coordinates" : [[527970.79, 3947349.19],[527954.25, 3947355.92],[527950.42, 3947363.25],[527956.31, 3947499.21],[527958.87, 3947523.12],[527959.18, 3947529.18]]}
		]
	}
}
,
{
	"type" : "Feature",
	"properties" : {"ObjectType" : "POI_square","fname" : "معلم","name" : "Moallem","id" : 1509},
	"geometry" : {"type" : "MultiPoint",
		"coordinates" : [[530011.96, 3946272.05]]
	}
}
,
{
	"type" : "Feature",
	"properties" : {"ObjectType" : "unknown(0x1100)","fname" : "معلم","name" : "Moallem","id" : 1519},
	"geometry" : {"type" : "GeometryCollection",
		"geometries" : [
			{"type" : "LineString","coordinates" : [[530039.56, 3946271.89],[530034.53, 3946288.27],[530029.77, 3946293.37],[530017.28, 3946299.31],[530003.46, 3946298.50],[529989.75, 3946288.40],[529987.62, 3946285.51],[529984.13, 3946272.11],[529984.98, 3946265.19],[529989.81, 3946255.51],[530003.25, 3946245.58],[530010.10, 3946244.24],[530023.69, 3946246.78],[530034.40, 3946255.56],[530039.54, 3946268.41],[530039.56, 3946271.89]]}
		]
	}
}
,
{
	"type" : "Feature",
	"properties" : {"ObjectType" : "POI_square","fname" : "الغدیر","name" : "Alghadir","id" : 1578},
	"geometry" : {"type" : "MultiPoint",
		"coordinates" : [[528162.71, 3945055.50]]
	}
}
,
{
	"type" : "Feature",
	"properties" : {"ObjectType" : "unknown(0x1100)","fname" : "الغدیر","name" : "Alghadir","id" : 1584},
	"geometry" : {"type" : "GeometryCollection",
		"geometries" : [
			{"type" : "LineString","coordinates" : [[528183.12, 3945065.36],[528171.64, 3945079.71],[528168.38, 3945081.26],[528165.19, 3945082.43],[528149.84, 3945081.80],[528146.97, 3945079.71],[528138.59, 3945066.40],[528138.59, 3945060.27],[528147.67, 3945037.19],[528151.69, 3945033.24],[528161.87, 3945028.04],[528167.22, 3945027.69],[528178.62, 3945031.96],[528183.05, 3945037.00],[528187.00, 3945055.12],[528186.30, 3945058.61],[528184.99, 3945062.10],[528183.12, 3945065.36]]}
		]
	}
}
,
{
	"type" : "Feature",
	"properties" : {"ObjectType" : "highway","fname" : " ","name" : " ","id" : 1621},
	"geometry" : {"type" : "GeometryCollection",
		"geometries" : [
			{"properties" : {"direction" : "oneway","flag" : "bridge"},"type" : "LineString","coordinates" : [[531159.12, 3946988.33],[531122.23, 3946832.34],[531159.12, 3946988.33],[531122.23, 3946832.34]]}
		]
	}
}
,
{
	"type" : "Feature",
	"properties" : {"ObjectType" : "unknown(0x1181)","fname" : "","name" : "","id" : 1778},
	"geometry" : {"type" : "GeometryCollection",
		"geometries" : [
			{"properties" : {"direction" : "oneway","flag" : "sideway"},"type" : "LineString","coordinates" : [[531360.88, 3945929.98],[531393.48, 3945856.56],[531360.88, 3945929.98],[531393.48, 3945856.56]]}
		]
	}
}
,
{
	"type" : "Feature",
	"properties" : {"ObjectType" : "unknown(0x1181)","fname" : "","name" : "","id" : 1795},
	"geometry" : {"type" : "GeometryCollection",
		"geometries" : [
			{"properties" : {"direction" : "oneway","flag" : "sideway"},"type" : "LineString","coordinates" : [[531110.40, 3946447.97],[531142.93, 3946450.65],[531163.30, 3946441.27],[531179.76, 3946425.49],[531195.54, 3946404.68],[531227.73, 3946381.13]]}
		]
	}
}
,
{
	"type" : "Feature",
	"properties" : {"ObjectType" : "unknown(0x1181)","fname" : "","name" : "","id" : 1939},
	"geometry" : {"type" : "GeometryCollection",
		"geometries" : [
			{"properties" : {"direction" : "oneway","flag" : "sideway"},"type" : "LineString","coordinates" : [[530092.65, 3946296.77],[530064.30, 3946294.38],[530052.67, 3946295.84],[530036.11, 3946302.81],[530025.65, 3946312.69],[530018.39, 3946324.02],[530016.06, 3946337.68],[530017.23, 3946362.66],[530016.89, 3946368.08]]}
		]
	}
}
,
{
	"type" : "Feature",
	"properties" : {"ObjectType" : "unknown(0x1181)","fname" : "","name" : "","id" : 2022},
	"geometry" : {"type" : "GeometryCollection",
		"geometries" : [
			{"properties" : {"direction" : "oneway","flag" : "sideway"},"type" : "LineString","coordinates" : [[528161.99, 3945382.40],[528171.55, 3945444.65],[528175.23, 3945477.21],[528182.35, 3945485.45],[528197.16, 3945494.51]]}
		]
	}
}
,
{
	"type" : "Feature",
	"properties" : {"ObjectType" : "POI_square","fname" : "جانبازان","name" : "Janbazan","id" : 2344},
	"geometry" : {"type" : "MultiPoint",
		"coordinates" : [[527950.01, 3946581.71]]
	}
}
,
{
	"type" : "Feature",
	"properties" : {"ObjectType" : "unknown(0x1100)","fname" : "جانبازان","name" : "Janbazan","id" : 2361},
	"geometry" : {"type" : "GeometryCollection",
		"geometries" : [
			{"type" : "LineString","coordinates" : [[527949.13, 3946596.01],[527939.90, 3946592.55],[527937.55, 3946590.23],[527933.97, 3946581.14],[527934.11, 3946577.84],[527938.43, 3946569.08],[527940.98, 3946566.97],[527953.65, 3946564.76],[527956.75, 3946565.89],[527965.04, 3946575.73],[527965.63, 3946578.98],[527961.30, 3946591.09],[527958.79, 3946593.24],[527949.43, 3946596.02],[527949.23, 3946596.01],[527949.13, 3946596.01]]}
		]
	}
}
,
{
	"type" : "Feature",
	"properties" : {"ObjectType" : "unknown(0x1181)","fname" : "","name" : "","id" : 2363},
	"geometry" : {"type" : "GeometryCollection",
		"geometries" : [
			{"properties" : {"direction" : "oneway","flag" : "sideway"},"type" : "LineString","coordinates" : [[527728.99, 3944367.08],[527695.65, 3944352.68],[527640.21, 3944351.33],[527632.50, 3944352.47]]}
		]
	}
}
,
{
	"type" : "Feature",
	"properties" : {"ObjectType" : "unknown(0x1181)","fname" : "","name" : "","id" : 2418},
	"geometry" : {"type" : "GeometryCollection",
		"geometries" : [
			{"properties" : {"direction" : "oneway","flag" : "sideway"},"type" : "LineString","coordinates" : [[531237.97, 3946400.43],[531252.26, 3946451.79],[531256.41, 3946463.58],[531264.61, 3946473.29],[531276.72, 3946487.16]]}
		]
	}
}
,
{
	"type" : "Feature",
	"properties" : {"ObjectType" : "unknown(0x1100)","fname" : "","name" : "","id" : 2447},
	"geometry" : {"type" : "GeometryCollection",
		"geometries" : [
			{"type" : "LineString","coordinates" : [[529951.14, 3945841.89],[529923.75, 3945908.52],[529911.92, 3945928.53]]}
		]
	}
}
,
{
	"type" : "Feature",
	"properties" : {"ObjectType" : "unknown(0x1181)","fname" : "","name" : "","id" : 2493},
	"geometry" : {"type" : "GeometryCollection",
		"geometries" : [
			{"properties" : {"direction" : "oneway","flag" : "sideway"},"type" : "LineString","coordinates" : [[528314.15, 3944121.46],[528278.93, 3944128.11],[528269.13, 3944133.64],[528249.00, 3944157.10],[528244.74, 3944163.61],[528243.36, 3944169.62]]}
		]
	}
}
,
{
	"type" : "Feature",
	"properties" : {"ObjectType" : "unknown(0x1100)","fname" : "","name" : "","id" : 2521},
	"geometry" : {"type" : "GeometryCollection",
		"geometries" : [
			{"type" : "LineString","coordinates" : [[529911.92, 3945928.53],[529927.47, 3945873.89],[529933.14, 3945840.82],[529933.18, 3945840.36]]}
		]
	}
}
,
{
	"type" : "Feature",
	"properties" : {"ObjectType" : "unknown(0x1181)","fname" : "","name" : "","id" : 2541},
	"geometry" : {"type" : "GeometryCollection",
		"geometries" : [
			{"properties" : {"direction" : "oneway","flag" : "sideway"},"type" : "LineString","coordinates" : [[530011.82, 3946343.24],[529993.68, 3946324.89],[529977.13, 3946321.99],[529939.93, 3946331.28],[529931.23, 3946332.55]]}
		]
	}
}
,
{
	"type" : "Feature",
	"properties" : {"ObjectType" : "unknown(0x1181)","fname" : "","name" : "","id" : 2553},
	"geometry" : {"type" : "GeometryCollection",
		"geometries" : [
			{"properties" : {"direction" : "oneway","flag" : "sideway"},"type" : "LineString","coordinates" : [[528909.23, 3946561.58],[528889.59, 3946600.54],[528884.79, 3946643.45],[528884.75, 3946644.56],[528884.68, 3946645.88]]}
		]
	}
}
,
{
	"type" : "Feature",
	"properties" : {"ObjectType" : "unknown(0x1181)","fname" : "","name" : "","id" : 2585},
	"geometry" : {"type" : "GeometryCollection",
		"geometries" : [
			{"properties" : {"direction" : "oneway","flag" : "sideway"},"type" : "LineString","coordinates" : [[528240.97, 3944081.27],[528257.62, 3944101.95],[528274.43, 3944113.57],[528282.10, 3944115.60],[528304.43, 3944118.30],[528314.15, 3944121.46]]}
		]
	}
}
,
{
	"type" : "Feature",
	"properties" : {"ObjectType" : "unknown(0x1100)","fname" : "","name" : "","id" : 2591},
	"geometry" : {"type" : "GeometryCollection",
		"geometries" : [
			{"type" : "LineString","coordinates" : [[525793.91, 3946697.49],[525783.21, 3946657.65],[525779.06, 3946633.05],[525777.48, 3946611.64]]}
		]
	}
}
,
{
	"type" : "Feature",
	"properties" : {"ObjectType" : "unknown(0x1181)","fname" : "","name" : "","id" : 2650},
	"geometry" : {"type" : "GeometryCollection",
		"geometries" : [
			{"properties" : {"direction" : "oneway","flag" : "sideway"},"type" : "LineString","coordinates" : [[531385.27, 3947757.07],[531368.87, 3947752.97],[531345.44, 3947756.73]]}
		]
	}
}
,
{
	"type" : "Feature",
	"properties" : {"ObjectType" : "unknown(0x1181)","fname" : "","name" : "","id" : 2710},
	"geometry" : {"type" : "GeometryCollection",
		"geometries" : [
			{"properties" : {"direction" : "oneway","flag" : "sideway"},"type" : "LineString","coordinates" : [[531171.43, 3946543.48],[531166.76, 3946514.22],[531166.81, 3946500.07],[531156.89, 3946476.84],[531147.61, 3946469.26]]}
		]
	}
}
,
{
	"type" : "Feature",
	"properties" : {"ObjectType" : "unknown(0x1100)","fname" : "","name" : "","id" : 2731},
	"geometry" : {"type" : "GeometryCollection",
		"geometries" : [
			{"type" : "LineString","coordinates" : [[525777.48, 3946611.64],[525791.88, 3946648.99],[525805.04, 3946673.94],[525809.29, 3946684.88]]}
		]
	}
}
,
{
	"type" : "Feature",
	"properties" : {"ObjectType" : "POI_square","fname" : "ایثارگران )فتح(","name" : "Isargaran","id" : 2735},
	"geometry" : {"type" : "MultiPoint",
		"coordinates" : [[530637.02, 3944031.90]]
	}
}
,
{
	"type" : "Feature",
	"properties" : {"ObjectType" : "unknown(0x1100)","fname" : "ایثارگران )فتح(","name" : "Isargaran","id" : 2758},
	"geometry" : {"type" : "GeometryCollection",
		"geometries" : [
			{"type" : "LineString","coordinates" : [[530644.51, 3944040.16],[530642.72, 3944041.63],[530629.68, 3944041.99],[530625.27, 3944035.90],[530626.47, 3944023.59],[530628.86, 3944021.32],[530635.79, 3944018.33],[530640.80, 3944019.05],[530644.51, 3944021.32],[530647.73, 3944024.31],[530649.53, 3944033.39],[530648.21, 3944036.49],[530646.30, 3944038.76],[530644.51, 3944040.16]]}
		]
	}
}
,
{
	"type" : "Feature",
	"properties" : {"ObjectType" : "mainstreet","fname" : " ","name" : " ","id" : 2793},
	"geometry" : {"type" : "GeometryCollection",
		"geometries" : [
			{"properties" : {"direction" : "oneway","flag" : "bridge"},"type" : "LineString","coordinates" : [[527937.91, 3947640.94],[527941.97, 3947621.88],[527946.61, 3947612.18],[527970.24, 3947588.55],[527980.25, 3947584.51],[527982.37, 3947584.05],[527982.76, 3947583.95]]}
		]
	}
}
,
{
	"type" : "Feature",
	"properties" : {"ObjectType" : "POI_square","fname" : " ","name" : " ","id" : 2830},
	"geometry" : {"type" : "MultiPoint",
		"coordinates" : [[525805.40, 3946697.43]]
	}
}
,
{
	"type" : "Feature",
	"properties" : {"ObjectType" : "unknown(0x1100)","fname" : "","name" : "","id" : 2847},
	"geometry" : {"type" : "GeometryCollection",
		"geometries" : [
			{"type" : "LineString","coordinates" : [[530298.78, 3944497.76],[530299.93, 3944478.77],[530297.01, 3944466.18],[530283.55, 3944448.62],[530276.52, 3944443.35],[530266.44, 3944436.32]]}
		]
	}
}
,
{
	"type" : "Feature",
	"properties" : {"ObjectType" : "unknown(0x1100)","fname" : " ","name" : " ","id" : 2857},
	"geometry" : {"type" : "GeometryCollection",
		"geometries" : [
			{"type" : "LineString","coordinates" : [[525816.42, 3946699.21],[525813.22, 3946705.18],[525809.79, 3946707.45],[525800.88, 3946707.89],[525797.84, 3946705.74],[525793.57, 3946695.61],[525793.97, 3946691.52],[525799.06, 3946686.05],[525803.65, 3946684.33],[525810.50, 3946685.49],[525813.43, 3946687.76],[525816.87, 3946694.73],[525816.69, 3946697.83],[525816.42, 3946699.21]]}
		]
	}
}
,
{
	"type" : "Feature",
	"properties" : {"ObjectType" : "POI_square","fname" : " ","name" : " ","id" : 2885},
	"geometry" : {"type" : "MultiPoint",
		"coordinates" : [[527457.06, 3946401.77]]
	}
}
,
{
	"type" : "Feature",
	"properties" : {"ObjectType" : "POI_square","fname" : "انصاری","name" : "Ansari","id" : 2891},
	"geometry" : {"type" : "MultiPoint",
		"coordinates" : [[529068.16, 3946440.36]]
	}
}
,
{
	"type" : "Feature",
	"properties" : {"ObjectType" : "unknown(0x1100)","fname" : " ","name" : " ","id" : 2909},
	"geometry" : {"type" : "GeometryCollection",
		"geometries" : [
			{"type" : "LineString","coordinates" : [[527466.88, 3946407.79],[527460.63, 3946412.78],[527456.32, 3946413.47],[527451.32, 3946412.50],[527445.36, 3946402.65],[527446.06, 3946397.65],[527453.41, 3946390.99],[527458.41, 3946390.30],[527467.43, 3946395.85],[527468.54, 3946400.43],[527468.68, 3946404.73],[527466.88, 3946407.79]]}
		]
	}
}
,
{
	"type" : "Feature",
	"properties" : {"ObjectType" : "POI_square","fname" : "سبحانی","name" : "Sobhani","id" : 2912},
	"geometry" : {"type" : "MultiPoint",
		"coordinates" : [[527602.87, 3946344.95]]
	}
}
,
{
	"type" : "Feature",
	"properties" : {"ObjectType" : "unknown(0x1100)","fname" : "","name" : "","id" : 2914},
	"geometry" : {"type" : "GeometryCollection",
		"geometries" : [
			{"type" : "LineString","coordinates" : [[527453.56, 3946470.17],[527443.42, 3946433.18],[527441.06, 3946409.59],[527445.71, 3946400.15]]}
		]
	}
}
,
{
	"type" : "Feature",
	"properties" : {"ObjectType" : "unknown(0x1100)","fname" : "انصاری","name" : "Ansari","id" : 2916},
	"geometry" : {"type" : "GeometryCollection",
		"geometries" : [
			{"type" : "LineString","coordinates" : [[529079.68, 3946442.80],[529069.24, 3946451.22],[529065.94, 3946451.96],[529061.02, 3946451.51],[529057.93, 3946449.27],[529056.18, 3946442.15],[529057.73, 3946437.92],[529067.49, 3946430.98],[529071.48, 3946430.55],[529075.36, 3946430.60],[529078.75, 3946432.69],[529080.29, 3946439.96],[529080.14, 3946441.41],[529079.68, 3946442.80]]}
		]
	}
}
,
{
	"type" : "Feature",
	"properties" : {"ObjectType" : "POI_square","fname" : "رجایی","name" : "Rajaei","id" : 2922},
	"geometry" : {"type" : "MultiPoint",
		"coordinates" : [[530341.01, 3944136.43]]
	}
}
,
{
	"type" : "Feature",
	"properties" : {"ObjectType" : "unknown(0x1100)","fname" : "سبحانی","name" : "Sobhani","id" : 2926},
	"geometry" : {"type" : "GeometryCollection",
		"geometries" : [
			{"type" : "LineString","coordinates" : [[527601.32, 3946354.26],[527594.74, 3946351.21],[527592.81, 3946348.53],[527591.22, 3946341.90],[527592.46, 3946337.51],[527599.16, 3946331.94],[527603.85, 3946331.48],[527610.69, 3946334.77],[527613.14, 3946338.40],[527613.51, 3946346.35],[527611.51, 3946350.06],[527604.22, 3946354.21],[527603.26, 3946354.31],[527601.32, 3946354.26]]}
		]
	}
}
,
{
	"type" : "Feature",
	"properties" : {"ObjectType" : "unknown(0x1100)","fname" : "رجایی","name" : "Rajaei","id" : 2940},
	"geometry" : {"type" : "GeometryCollection",
		"geometries" : [
			{"type" : "LineString","coordinates" : [[530348.28, 3944143.16],[530342.22, 3944146.45],[530335.65, 3944145.56],[530330.22, 3944138.62],[530329.71, 3944135.08],[530332.24, 3944127.12],[530335.63, 3944124.92],[530343.77, 3944124.39],[530346.86, 3944125.58],[530351.72, 3944131.64],[530351.99, 3944136.72],[530350.79, 3944140.22],[530349.64, 3944142.07],[530348.28, 3944143.16]]}
		]
	}
}
,
{
	"type" : "Feature",
	"properties" : {"ObjectType" : "POI_square","fname" : " ","name" : " ","id" : 2952},
	"geometry" : {"type" : "MultiPoint",
		"coordinates" : [[529942.12, 3945833.53]]
	}
}
,
{
	"type" : "Feature",
	"properties" : {"ObjectType" : "unknown(0x1100)","fname" : " ","name" : " ","id" : 2976},
	"geometry" : {"type" : "GeometryCollection",
		"geometries" : [
			{"type" : "LineString","coordinates" : [[529951.14, 3945841.89],[529940.47, 3945846.09],[529936.59, 3945844.80],[529931.42, 3945835.91],[529931.74, 3945832.51],[529932.55, 3945828.96],[529944.51, 3945823.95],[529947.74, 3945825.24],[529950.97, 3945827.18],[529953.07, 3945837.69],[529951.14, 3945841.89]]}
		]
	}
}
,
{
	"type" : "Feature",
	"properties" : {"ObjectType" : "unknown(0x1181)","fname" : "","name" : "","id" : 3109},
	"geometry" : {"type" : "GeometryCollection",
		"geometries" : [
			{"properties" : {"direction" : "oneway","flag" : "sideway"},"type" : "LineString","coordinates" : [[528261.68, 3944779.53],[528278.26, 3944803.01],[528286.09, 3944811.46],[528294.54, 3944813.76],[528309.61, 3944811.94]]}
		]
	}
}
,
{
	"type" : "Feature",
	"properties" : {"ObjectType" : "unknown(0x1100)","fname" : "","name" : "","id" : 3126},
	"geometry" : {"type" : "GeometryCollection",
		"geometries" : [
			{"type" : "LineString","coordinates" : [[527466.88, 3946407.79],[527465.46, 3946414.43],[527453.56, 3946470.17]]}
		]
	}
}
,
{
	"type" : "Feature",
	"properties" : {"ObjectType" : "POI_square","fname" : " ","name" : " ","id" : 3138},
	"geometry" : {"type" : "MultiPoint",
		"coordinates" : [[526061.42, 3947424.02]]
	}
}
,
{
	"type" : "Feature",
	"properties" : {"ObjectType" : "unknown(0x1100)","fname" : " ","name" : " ","id" : 3160},
	"geometry" : {"type" : "GeometryCollection",
		"geometries" : [
			{"type" : "LineString","coordinates" : [[526071.39, 3947428.89],[526063.81, 3947435.71],[526060.31, 3947435.78],[526055.74, 3947434.15],[526052.11, 3947427.39],[526052.41, 3947423.19],[526053.92, 3947420.00],[526059.49, 3947416.06],[526063.43, 3947416.25],[526066.81, 3947417.31],[526069.56, 3947419.94],[526071.31, 3947424.95],[526071.39, 3947426.70],[526071.39, 3947428.89]]}
		]
	}
}
,
{
	"type" : "Feature",
	"properties" : {"ObjectType" : "POI_square","fname" : "یاسر","name" : "Yaser","id" : 3189},
	"geometry" : {"type" : "MultiPoint",
		"coordinates" : [[530319.15, 3944791.00]]
	}
}
,
{
	"type" : "Feature",
	"properties" : {"ObjectType" : "unknown(0x1181)","fname" : "","name" : "","id" : 3200},
	"geometry" : {"type" : "GeometryCollection",
		"geometries" : [
			{"properties" : {"direction" : "oneway","flag" : "sideway"},"type" : "LineString","coordinates" : [[528184.44, 3945502.59],[528168.51, 3945508.46],[528146.47, 3945523.93],[528134.05, 3945535.03]]}
		]
	}
}
,
{
	"type" : "Feature",
	"properties" : {"ObjectType" : "unknown(0x1100)","fname" : "یاسر","name" : "Yaser","id" : 3209},
	"geometry" : {"type" : "GeometryCollection",
		"geometries" : [
			{"type" : "LineString","coordinates" : [[530312.96, 3944796.51],[530312.03, 3944795.96],[530309.30, 3944789.43],[530309.80, 3944785.89],[530311.97, 3944782.19],[530316.98, 3944779.76],[530321.62, 3944779.89],[530326.29, 3944782.74],[530328.53, 3944788.49],[530327.91, 3944792.34],[530324.59, 3944796.63],[530318.89, 3944798.62],[530315.64, 3944798.10],[530312.96, 3944796.51]]}
		]
	}
}
,
{
	"type" : "Feature",
	"properties" : {"ObjectType" : "unknown(0x1181)","fname" : "","name" : "","id" : 3211},
	"geometry" : {"type" : "GeometryCollection",
		"geometries" : [
			{"properties" : {"direction" : "oneway","flag" : "sideway"},"type" : "LineString","coordinates" : [[528935.27, 3945683.20],[528942.81, 3945713.72],[528952.71, 3945728.29],[528959.03, 3945737.25]]}
		]
	}
}
,
{
	"type" : "Feature",
	"properties" : {"ObjectType" : "POI_square","fname" : "پژوتن","name" : "Pazhutan","id" : 3246},
	"geometry" : {"type" : "MultiPoint",
		"coordinates" : [[527685.80, 3944337.13]]
	}
}
,
{
	"type" : "Feature",
	"properties" : {"ObjectType" : "unknown(0x1100)","fname" : "پژوتن","name" : "Pazhutan","id" : 3268},
	"geometry" : {"type" : "GeometryCollection",
		"geometries" : [
			{"type" : "LineString","coordinates" : [[527681.23, 3944346.06],[527677.52, 3944341.89],[527676.76, 3944337.39],[527678.38, 3944332.87],[527684.12, 3944329.11],[527689.11, 3944329.29],[527692.11, 3944331.30],[527694.40, 3944334.49],[527695.06, 3944339.40],[527692.78, 3944344.31],[527686.43, 3944347.34],[527682.75, 3944346.78],[527681.23, 3944346.06]]}
		]
	}
}
,
{
	"type" : "Feature",
	"properties" : {"ObjectType" : "unknown(0x1181)","fname" : "","name" : "","id" : 3298},
	"geometry" : {"type" : "GeometryCollection",
		"geometries" : [
			{"properties" : {"direction" : "oneway","flag" : "sideway"},"type" : "LineString","coordinates" : [[531118.86, 3947028.68],[531146.46, 3947029.91],[531154.14, 3947026.07],[531163.10, 3947009.76],[531163.44, 3947008.21]]}
		]
	}
}
,
{
	"type" : "Feature",
	"properties" : {"ObjectType" : "unknown(0x1181)","fname" : "","name" : "","id" : 3315},
	"geometry" : {"type" : "GeometryCollection",
		"geometries" : [
			{"properties" : {"direction" : "oneway","flag" : "sideway"},"type" : "LineString","coordinates" : [[529933.61, 3945809.04],[529947.11, 3945813.50],[529952.65, 3945812.06],[529978.43, 3945790.61],[529980.24, 3945789.34]]}
		]
	}
}
,
{
	"type" : "Feature",
	"properties" : {"ObjectType" : "unknown(0x1181)","fname" : "","name" : "","id" : 3379},
	"geometry" : {"type" : "GeometryCollection",
		"geometries" : [
			{"properties" : {"direction" : "oneway","flag" : "sideway"},"type" : "LineString","coordinates" : [[527158.41, 3946511.33],[527145.85, 3946482.94],[527135.55, 3946469.42],[527132.31, 3946466.03]]}
		]
	}
}
,
{
	"type" : "Feature",
	"properties" : {"ObjectType" : "unknown(0x1100)","fname" : "","name" : "","id" : 3388},
	"geometry" : {"type" : "GeometryCollection",
		"geometries" : [
			{"type" : "LineString","coordinates" : [[530342.81, 3944474.29],[530319.63, 3944478.19],[530309.24, 3944484.63],[530298.78, 3944497.76]]}
		]
	}
}
,
{
	"type" : "Feature",
	"properties" : {"ObjectType" : "mainstreet","fname" : " ","name" : " ","id" : 3417},
	"geometry" : {"type" : "GeometryCollection",
		"geometries" : [
			{"properties" : {"direction" : "oneway","flag" : "bridge"},"type" : "LineString","coordinates" : [[527964.55, 3947349.46],[527913.03, 3947351.68],[527964.55, 3947349.46],[527913.03, 3947351.68]]}
		]
	}
}
,
{
	"type" : "Feature",
	"properties" : {"ObjectType" : "mainstreet","fname" : " ","name" : " ","id" : 3418},
	"geometry" : {"type" : "GeometryCollection",
		"geometries" : [
			{"properties" : {"direction" : "oneway","flag" : "bridge"},"type" : "LineString","coordinates" : [[527912.60, 3947341.68],[527964.12, 3947339.46],[527912.60, 3947341.68],[527964.12, 3947339.46]]}
		]
	}
}
,
{
	"type" : "Feature",
	"properties" : {"ObjectType" : "unknown(0x1181)","fname" : "","name" : "","id" : 3467},
	"geometry" : {"type" : "GeometryCollection",
		"geometries" : [
			{"properties" : {"direction" : "oneway","flag" : "sideway"},"type" : "LineString","coordinates" : [[529038.42, 3946467.85],[529041.67, 3946456.89],[529037.31, 3946449.34],[529028.60, 3946445.85],[529014.06, 3946444.69],[529008.32, 3946445.10]]}
		]
	}
}
,
{
	"type" : "Feature",
	"properties" : {"ObjectType" : "unknown(0x1100)","fname" : "","name" : "","id" : 3522},
	"geometry" : {"type" : "GeometryCollection",
		"geometries" : [
			{"type" : "LineString","coordinates" : [[525810.93, 3946744.98],[525795.68, 3946716.56],[525794.65, 3946704.09],[525795.24, 3946701.37]]}
		]
	}
}
,
{
	"type" : "Feature",
	"properties" : {"ObjectType" : "unknown(0x1181)","fname" : "","name" : "","id" : 3538},
	"geometry" : {"type" : "GeometryCollection",
		"geometries" : [
			{"properties" : {"direction" : "oneway","flag" : "sideway"},"type" : "LineString","coordinates" : [[527187.75, 3946476.96],[527163.35, 3946496.43],[527158.41, 3946511.33]]}
		]
	}
}
,
{
	"type" : "Feature",
	"properties" : {"ObjectType" : "unknown(0x1100)","fname" : "","name" : "","id" : 3640},
	"geometry" : {"type" : "GeometryCollection",
		"geometries" : [
			{"type" : "LineString","coordinates" : [[529932.55, 3945839.14],[529928.06, 3945829.05],[529926.38, 3945813.86],[529925.14, 3945797.76]]}
		]
	}
}
,
{
	"type" : "Feature",
	"properties" : {"ObjectType" : "unknown(0x1100)","fname" : "","name" : "","id" : 3686},
	"geometry" : {"type" : "GeometryCollection",
		"geometries" : [
			{"type" : "LineString","coordinates" : [[525813.22, 3946705.18],[525812.67, 3946726.96],[525810.93, 3946744.98]]}
		]
	}
}
,
{
	"type" : "Feature",
	"properties" : {"ObjectType" : "POI_square","fname" : "سید باقری","name" : "Seyyed Baqeri","id" : 3716},
	"geometry" : {"type" : "MultiPoint",
		"coordinates" : [[527417.66, 3944417.28]]
	}
}
,
{
	"type" : "Feature",
	"properties" : {"ObjectType" : "POI_square","fname" : " ","name" : " ","id" : 3718},
	"geometry" : {"type" : "MultiPoint",
		"coordinates" : [[526707.60, 3945292.54]]
	}
}
,
{
	"type" : "Feature",
	"properties" : {"ObjectType" : "unknown(0x1100)","fname" : "سید باقری","name" : "Seyyed Baqeri","id" : 3738},
	"geometry" : {"type" : "GeometryCollection",
		"geometries" : [
			{"type" : "LineString","coordinates" : [[527420.43, 3944421.89],[527415.80, 3944422.69],[527412.64, 3944420.48],[527412.12, 3944416.53],[527413.49, 3944412.79],[527417.85, 3944411.32],[527421.01, 3944412.32],[527423.48, 3944416.16],[527422.32, 3944420.27],[527421.48, 3944421.32],[527420.43, 3944421.89]]}
		]
	}
}
,
{
	"type" : "Feature",
	"properties" : {"ObjectType" : "POI_square","fname" : " ","name" : " ","id" : 3740},
	"geometry" : {"type" : "MultiPoint",
		"coordinates" : [[530298.26, 3943761.50]]
	}
}
,
{
	"type" : "Feature",
	"properties" : {"ObjectType" : "unknown(0x1100)","fname" : " ","name" : " ","id" : 3742},
	"geometry" : {"type" : "GeometryCollection",
		"geometries" : [
			{"type" : "LineString","coordinates" : [[526713.91, 3945295.67],[526713.73, 3945297.24],[526711.61, 3945300.13],[526708.25, 3945301.18],[526704.16, 3945300.08],[526702.18, 3945296.86],[526703.06, 3945292.50],[526705.63, 3945290.29],[526709.40, 3945290.06],[526713.22, 3945293.05],[526713.91, 3945294.93],[526713.91, 3945295.67]]}
		]
	}
}
,
{
	"type" : "Feature",
	"properties" : {"ObjectType" : "unknown(0x1100)","fname" : "","name" : "","id" : 3760},
	"geometry" : {"type" : "GeometryCollection",
		"geometries" : [
			{"type" : "LineString","coordinates" : [[529971.69, 3945805.37],[529961.71, 3945824.97],[529953.68, 3945834.56],[529953.00, 3945835.68]]}
		]
	}
}
,
{
	"type" : "Feature",
	"properties" : {"ObjectType" : "unknown(0x1100)","fname" : " ","name" : " ","id" : 3762},
	"geometry" : {"type" : "GeometryCollection",
		"geometries" : [
			{"type" : "LineString","coordinates" : [[530303.81, 3943761.70],[530302.52, 3943766.66],[530299.77, 3943768.68],[530295.81, 3943768.13],[530293.16, 3943764.00],[530294.07, 3943758.86],[530297.29, 3943757.21],[530300.87, 3943757.76],[530303.62, 3943760.42],[530303.81, 3943761.70]]}
		]
	}
}
,
{
	"type" : "Feature",
	"properties" : {"ObjectType" : "unknown(0x1100)","fname" : "","name" : "","id" : 3806},
	"geometry" : {"type" : "GeometryCollection",
		"geometries" : [
			{"type" : "LineString","coordinates" : [[529925.14, 3945797.76],[529941.09, 3945819.17],[529944.51, 3945823.95]]}
		]
	}
}
,
{
	"type" : "Feature",
	"properties" : {"ObjectType" : "unknown(0x1182)","fname" : "","name" : "","id" : 3814},
	"geometry" : {"type" : "GeometryCollection",
		"geometries" : [
			{"properties" : {"direction" : "oneway","flag" : "sideway"},"type" : "LineString","coordinates" : [[527959.18, 3947529.18],[527957.09, 3947534.01],[527943.25, 3947538.39],[527935.34, 3947537.02],[527932.41, 3947534.60]]}
		]
	}
}
,
{
	"type" : "Feature",
	"properties" : {"ObjectType" : "unknown(0x1100)","fname" : "","name" : "","id" : 3815},
	"geometry" : {"type" : "GeometryCollection",
		"geometries" : [
			{"type" : "LineString","coordinates" : [[530299.93, 3944478.77],[530300.43, 3944463.83],[530300.75, 3944446.87]]}
		]
	}
}
,
{
	"type" : "Feature",
	"properties" : {"ObjectType" : "unknown(0x1100)","fname" : "","name" : "","id" : 3823},
	"geometry" : {"type" : "GeometryCollection",
		"geometries" : [
			{"type" : "LineString","coordinates" : [[529947.74, 3945825.24],[529962.30, 3945813.43],[529971.69, 3945805.37]]}
		]
	}
}
,
{
	"type" : "Feature",
	"properties" : {"ObjectType" : "POI_square","fname" : "میرهاشمی","name" : "Mirhashemi","id" : 3831},
	"geometry" : {"type" : "MultiPoint",
		"coordinates" : [[527453.56, 3944687.76]]
	}
}
,
{
	"type" : "Feature",
	"properties" : {"ObjectType" : "unknown(0x1100)","fname" : "میرهاشمی","name" : "Mirhashemi","id" : 3846},
	"geometry" : {"type" : "GeometryCollection",
		"geometries" : [
			{"type" : "LineString","coordinates" : [[527454.59, 3944695.04],[527453.10, 3944695.02],[527449.63, 3944692.42],[527449.68, 3944688.09],[527452.16, 3944685.92],[527456.13, 3944686.09],[527458.63, 3944689.63],[527457.24, 3944693.73],[527456.02, 3944694.59],[527454.59, 3944695.04]]}
		]
	}
}
,
{
	"type" : "Feature",
	"properties" : {"ObjectType" : "unknown(0x1100)","fname" : "","name" : "","id" : 3927},
	"geometry" : {"type" : "GeometryCollection",
		"geometries" : [
			{"type" : "LineString","coordinates" : [[530303.72, 3943764.27],[530301.26, 3943774.96],[530296.68, 3943780.94],[530294.60, 3943783.73]]}
		]
	}
}
,
{
	"type" : "Feature",
	"properties" : {"ObjectType" : "unknown(0x1100)","fname" : "","name" : "","id" : 3964},
	"geometry" : {"type" : "GeometryCollection",
		"geometries" : [
			{"type" : "LineString","coordinates" : [[527451.61, 3946378.81],[527448.00, 3946387.73],[527447.59, 3946395.63]]}
		]
	}
}
,
{
	"type" : "Feature",
	"properties" : {"ObjectType" : "unknown(0x1100)","fname" : "","name" : "","id" : 3966},
	"geometry" : {"type" : "GeometryCollection",
		"geometries" : [
			{"type" : "LineString","coordinates" : [[530294.60, 3943783.73],[530294.30, 3943773.06],[530294.26, 3943766.29]]}
		]
	}
}
,
{
	"type" : "Feature",
	"properties" : {"ObjectType" : "region","fname" : "شمس آباد","name" : "","id" : 4052},
	"geometry" : {"type" : "MultiPoint",
		"coordinates" : [[527774.76, 3945951.04]]
	}
}
,
{
	"type" : "Feature",
	"properties" : {"ObjectType" : "region","fname" : "تولیددارو","name" : "","id" : 4053},
	"geometry" : {"type" : "MultiPoint",
		"coordinates" : [[530580.65, 3946702.84]]
	}
}
,
{
	"type" : "Feature",
	"properties" : {"ObjectType" : "region","fname" : "بهداشت","name" : "","id" : 4054},
	"geometry" : {"type" : "MultiPoint",
		"coordinates" : [[530589.28, 3945971.06]]
	}
}
,
{
	"type" : "Feature",
	"properties" : {"ObjectType" : "region","fname" : "ولیعصر شمالی","name" : "","id" : 4055},
	"geometry" : {"type" : "MultiPoint",
		"coordinates" : [[530801.22, 3945293.86]]
	}
}
,
{
	"type" : "Feature",
	"properties" : {"ObjectType" : "region","fname" : "شهرک امام خمینی","name" : "","id" : 4056},
	"geometry" : {"type" : "MultiPoint",
		"coordinates" : [[528421.38, 3946594.00]]
	}
}
,
{
	"type" : "Feature",
	"properties" : {"ObjectType" : "region","fname" : "یافت آباد جنوبی","name" : "","id" : 4059},
	"geometry" : {"type" : "MultiPoint",
		"coordinates" : [[527507.67, 3944206.28]]
	}
}
,
{
	"type" : "Feature",
	"properties" : {"ObjectType" : "region","fname" : "صاحب الزمان","name" : "","id" : 4060},
	"geometry" : {"type" : "MultiPoint",
		"coordinates" : [[529198.36, 3944993.06]]
	}
}
,
{
	"type" : "Feature",
	"properties" : {"ObjectType" : "region","fname" : "شادآباد","name" : "","id" : 4061},
	"geometry" : {"type" : "MultiPoint",
		"coordinates" : [[526494.15, 3945825.99]]
	}
}
,
{
	"type" : "Feature",
	"properties" : {"ObjectType" : "region","fname" : "یافت آباد شمالی","name" : "","id" : 4062},
	"geometry" : {"type" : "MultiPoint",
		"coordinates" : [[527054.41, 3944990.08]]
	}
}
,
{
	"type" : "Feature",
	"properties" : {"ObjectType" : "region","fname" : "هفده شهریور","name" : "","id" : 4064},
	"geometry" : {"type" : "MultiPoint",
		"coordinates" : [[526630.27, 3947300.42]]
	}
}
,
{
	"type" : "Feature",
	"properties" : {"ObjectType" : "region","fname" : "ولیعصر جنوبی","name" : "","id" : 4078},
	"geometry" : {"type" : "MultiPoint",
		"coordinates" : [[531180.73, 3944487.44]]
	}
}
,
{
	"type" : "Feature",
	"properties" : {"ObjectType" : "region","fname" : "حسینی - فردوس","name" : "","id" : 4184},
	"geometry" : {"type" : "MultiPoint",
		"coordinates" : [[529433.12, 3946619.32]]
	}
}
,
{
	"type" : "Feature",
	"properties" : {"ObjectType" : "region","fname" : "سرآسیاب مهرآباد","name" : "","id" : 4189},
	"geometry" : {"type" : "MultiPoint",
		"coordinates" : [[529831.52, 3947598.79]]
	}
}
,
{
	"type" : "Feature",
	"properties" : {"ObjectType" : "region","fname" : "شمشیری","name" : "","id" : 4190},
	"geometry" : {"type" : "MultiPoint",
		"coordinates" : [[530982.37, 3947457.09]]
	}
}
]
}