{"type": "FeatureCollection",
"bbox" : [538002.23, 3955972.51, 544620.21, 3960045.98],
"center" : [541311.22, 3958009.25],
"features": [
{
	"type" : "Feature",
	"properties" : {"ObjectType" : "unknown(0x1181)","fname" : "","name" : "","id" : 52},
	"geometry" : {"type" : "GeometryCollection",
		"geometries" : [
			{"properties" : {"direction" : "oneway","flag" : "sideway"},"type" : "LineString","coordinates" : [[544620.94, 3957332.00],[544559.82, 3957353.66],[544447.19, 3957377.85],[544377.51, 3957399.80],[544279.63, 3957439.05],[544207.85, 3957464.68],[544187.81, 3957468.69],[543986.60, 3957475.74],[543935.32, 3957482.47],[543877.02, 3957502.33],[543831.84, 3957530.85],[543813.09, 3957555.68],[543802.19, 3957597.66],[543800.60, 3957615.92],[543806.36, 3957667.83],[543814.68, 3957719.42],[543824.53, 3957765.32]]}
		]
	}
}
,
{
	"type" : "Feature",
	"properties" : {"ObjectType" : "highway","fname" : "","name" : "","id" : 57},
	"geometry" : {"type" : "GeometryCollection",
		"geometries" : [
			{"properties" : {"direction" : "oneway","flag" : "sideway"},"type" : "LineString","coordinates" : [[537986.84, 3956230.91],[538025.44, 3956180.86],[538068.35, 3956110.78],[538118.40, 3956034.99],[538154.16, 3955970.63]]}
		]
	}
}
,
{
	"type" : "Feature",
	"properties" : {"ObjectType" : "unknown(0x1182)","fname" : "","name" : "","id" : 95},
	"geometry" : {"type" : "GeometryCollection",
		"geometries" : [
			{"properties" : {"direction" : "oneway","flag" : "sideway"},"type" : "LineString","coordinates" : [[538197.06, 3956063.59],[538157.02, 3956226.62],[538118.40, 3956353.90],[538104.10, 3956378.21],[538082.65, 3956396.80],[538062.63, 3956405.38],[538039.75, 3956411.10],[538008.29, 3956412.53],[537976.81, 3956413.96]]}
		]
	}
}
,
{
	"type" : "Feature",
	"properties" : {"ObjectType" : "unknown(0x1182)","fname" : "","name" : "","id" : 125},
	"geometry" : {"type" : "GeometryCollection",
		"geometries" : [
			{"properties" : {"direction" : "oneway","flag" : "sideway"},"type" : "LineString","coordinates" : [[538224.23, 3955960.62],[538225.66, 3956012.11],[538217.07, 3956102.20],[538218.51, 3956127.94],[538232.81, 3956153.69],[538257.12, 3956176.57],[538318.62, 3956195.16],[538478.79, 3956200.88],[538581.84, 3956209.50]]}
		]
	}
}
,
{
	"type" : "Feature",
	"properties" : {"ObjectType" : "highway","fname" : "","name" : "","id" : 137},
	"geometry" : {"type" : "GeometryCollection",
		"geometries" : [
			{"properties" : {"direction" : "oneway","flag" : "sideway"},"type" : "LineString","coordinates" : [[541092.46, 3956854.49],[541138.29, 3956874.49],[541177.14, 3956895.59],[541215.39, 3956912.13],[541396.31, 3956970.87],[541453.38, 3956983.16],[541631.85, 3957017.27],[541721.42, 3957028.85],[541763.97, 3957043.96]]}
		]
	}
}
,
{
	"type" : "Feature",
	"properties" : {"ObjectType" : "highway","fname" : "","name" : "","id" : 138},
	"geometry" : {"type" : "GeometryCollection",
		"geometries" : [
			{"properties" : {"direction" : "oneway","flag" : "sideway"},"type" : "LineString","coordinates" : [[540598.68, 3956439.76],[540628.10, 3956473.32],[540660.38, 3956515.53],[540698.87, 3956554.02],[540723.69, 3956575.13],[540824.27, 3956650.87],[540841.66, 3956667.01],[540884.21, 3956700.67],[540913.67, 3956727.85],[540940.98, 3956747.71],[541112.31, 3956868.62],[541135.98, 3956885.48]]}
		]
	}
}
,
{
	"type" : "Feature",
	"properties" : {"ObjectType" : "mainstreet","fname" : "????????","name" : "Mirdamad","id" : 151},
	"geometry" : {"type" : "GeometryCollection",
		"geometries" : [
			{"properties" : {"direction" : "oneway","flag" : "bridge"},"type" : "LineString","coordinates" : [[537828.13, 3957637.00],[538262.14, 3957555.04],[537828.13, 3957637.00],[538262.14, 3957555.04]]}
		]
	}
}
,
{
	"type" : "Feature",
	"properties" : {"ObjectType" : "mainstreet","fname" : "????????","name" : "Mirdamad","id" : 152},
	"geometry" : {"type" : "GeometryCollection",
		"geometries" : [
			{"properties" : {"direction" : "oneway","flag" : "bridge"},"type" : "LineString","coordinates" : [[538262.85, 3957573.20],[538088.06, 3957602.56],[537858.50, 3957641.12]]}
		]
	}
}
,
{
	"type" : "Feature",
	"properties" : {"ObjectType" : "unknown(0x1181)","fname" : "","name" : "","id" : 195},
	"geometry" : {"type" : "GeometryCollection",
		"geometries" : [
			{"properties" : {"direction" : "oneway","flag" : "sideway"},"type" : "LineString","coordinates" : [[543420.57, 3957345.84],[543521.01, 3957331.25],[543564.29, 3957317.92],[543588.31, 3957307.72],[543648.06, 3957268.06],[543666.81, 3957253.25],[543689.19, 3957228.89],[543742.68, 3957181.99],[543803.25, 3957131.96],[543822.82, 3957104.48],[543831.90, 3957085.02],[543859.30, 3956973.97],[543859.55, 3956973.70]]}
		]
	}
}
,
{
	"type" : "Feature",
	"properties" : {"ObjectType" : "unknown(0x1181)","fname" : "","name" : "","id" : 207},
	"geometry" : {"type" : "GeometryCollection",
		"geometries" : [
			{"properties" : {"direction" : "oneway","flag" : "sideway"},"type" : "LineString","coordinates" : [[538827.46, 3959554.84],[538683.15, 3959490.65],[538632.96, 3959450.59],[538612.69, 3959416.06],[538606.26, 3959396.72],[538600.96, 3959367.02],[538608.32, 3959331.11],[538635.49, 3959291.51],[538664.50, 3959256.52],[538674.40, 3959239.71],[538679.01, 3959223.14],[538680.39, 3959162.82],[538672.56, 3959100.66],[538672.53, 3959098.31]]}
		]
	}
}
,
{
	"type" : "Feature",
	"properties" : {"ObjectType" : "unknown(0x1181)","fname" : "","name" : "","id" : 210},
	"geometry" : {"type" : "GeometryCollection",
		"geometries" : [
			{"properties" : {"direction" : "oneway","flag" : "sideway"},"type" : "LineString","coordinates" : [[543889.93, 3957012.20],[543906.21, 3957075.56],[543914.32, 3957094.93],[543940.82, 3957122.15],[544116.59, 3957210.29],[544165.47, 3957222.64],[544272.93, 3957230.37],[544320.66, 3957239.92],[544345.67, 3957247.49],[544392.25, 3957263.12]]}
		]
	}
}
,
{
	"type" : "Feature",
	"properties" : {"ObjectType" : "unknown(0x1181)","fname" : "","name" : "","id" : 211},
	"geometry" : {"type" : "GeometryCollection",
		"geometries" : [
			{"properties" : {"direction" : "oneway","flag" : "sideway"},"type" : "LineString","coordinates" : [[544235.57, 3957268.20],[544169.59, 3957280.82],[544077.84, 3957312.54],[544046.97, 3957328.84],[543994.66, 3957371.71],[543908.91, 3957445.88],[543866.04, 3957466.89],[543848.89, 3957471.18],[543830.02, 3957480.61],[543807.73, 3957515.77],[543794.86, 3957580.08],[543801.28, 3957608.16]]}
		]
	}
}
,
{
	"type" : "Feature",
	"properties" : {"ObjectType" : "highway","fname" : "","name" : "","id" : 294},
	"geometry" : {"type" : "GeometryCollection",
		"geometries" : [
			{"properties" : {"direction" : "oneway","flag" : "sideway"},"type" : "LineString","coordinates" : [[538672.32, 3959423.73],[538680.77, 3959358.24],[538679.67, 3959329.98],[538672.46, 3959314.70],[538665.67, 3959310.46],[538651.66, 3959308.33],[538644.44, 3959310.03],[538630.86, 3959320.64],[538620.25, 3959338.47],[538617.28, 3959363.09],[538617.69, 3959376.67],[538629.59, 3959415.30],[538647.84, 3959439.06],[538666.52, 3959454.77],[538722.12, 3959487.45],[538735.27, 3959493.41],[538842.56, 3959541.56]]}
		]
	}
}
,
{
	"type" : "Feature",
	"properties" : {"ObjectType" : "unknown(0x1181)","fname" : "","name" : "","id" : 310},
	"geometry" : {"type" : "GeometryCollection",
		"geometries" : [
			{"properties" : {"direction" : "oneway","flag" : "sideway"},"type" : "LineString","coordinates" : [[542828.71, 3957402.97],[542820.91, 3957357.60],[542821.21, 3957254.70],[542802.09, 3957192.31],[542779.62, 3957162.11],[542728.63, 3957136.92],[542702.30, 3957125.79],[542629.63, 3957106.38],[542607.81, 3957102.92],[542544.09, 3957084.46]]}
		]
	}
}
,
{
	"type" : "Feature",
	"properties" : {"ObjectType" : "highway","fname" : "???","name" : "Fajr","id" : 315},
	"geometry" : {"type" : "GeometryCollection",
		"geometries" : [
			{"properties" : {"direction" : "oneway","flag" : "bridge"},"type" : "LineString","coordinates" : [[537971.46, 3956321.37],[538024.68, 3956284.83],[538106.49, 3956247.50],[538177.18, 3956224.47],[538256.62, 3956206.20],[538382.51, 3956207.46]]}
		]
	}
}
,
{
	"type" : "Feature",
	"properties" : {"ObjectType" : "unknown(0x1182)","fname" : "","name" : "","id" : 328},
	"geometry" : {"type" : "GeometryCollection",
		"geometries" : [
			{"properties" : {"direction" : "oneway","flag" : "sideway"},"type" : "LineString","coordinates" : [[538001.14, 3956368.20],[538006.86, 3956300.98],[538041.18, 3956195.16],[538054.05, 3956167.99],[538069.78, 3956147.97],[538089.80, 3956137.95],[538116.97, 3956133.66],[538255.68, 3956183.72],[538318.62, 3956195.16]]}
		]
	}
}
,
{
	"type" : "Feature",
	"properties" : {"ObjectType" : "unknown(0x1181)","fname" : "","name" : "","id" : 334},
	"geometry" : {"type" : "GeometryCollection",
		"geometries" : [
			{"properties" : {"direction" : "oneway","flag" : "sideway"},"type" : "LineString","coordinates" : [[537996.34, 3957150.95],[538013.42, 3957324.97],[538050.81, 3957535.13],[538057.00, 3957558.28],[538068.09, 3957569.87],[538081.69, 3957576.92],[538125.29, 3957574.09],[538129.06, 3957573.63]]}
		]
	}
}
,
{
	"type" : "Feature",
	"properties" : {"ObjectType" : "highway","fname" : "???","name" : "Fajr","id" : 342},
	"geometry" : {"type" : "GeometryCollection",
		"geometries" : [
			{"properties" : {"direction" : "oneway","flag" : "bridge"},"type" : "LineString","coordinates" : [[538382.44, 3956225.46],[538259.79, 3956231.62],[538181.94, 3956247.50],[538106.49, 3956272.12],[538038.18, 3956305.49],[537984.17, 3956339.64]]}
		]
	}
}
,
{
	"type" : "Feature",
	"properties" : {"ObjectType" : "highway","fname" : "","name" : "","id" : 359},
	"geometry" : {"type" : "GeometryCollection",
		"geometries" : [
			{"properties" : {"direction" : "oneway","flag" : "sideway"},"type" : "LineString","coordinates" : [[539684.82, 3956306.45],[539663.50, 3956226.60],[539646.42, 3956185.92],[539632.59, 3956170.47],[539615.51, 3956157.45],[539595.17, 3956146.88],[539575.65, 3956145.25],[539561.01, 3956147.69],[539532.53, 3956167.21],[539522.77, 3956181.04],[539515.44, 3956209.51],[539521.15, 3956237.99],[539537.42, 3956260.76],[539605.75, 3956299.00],[539630.44, 3956314.12]]}
		]
	}
}
,
{
	"type" : "Feature",
	"properties" : {"ObjectType" : "mainstreet","fname" : "","name" : "","id" : 364},
	"geometry" : {"type" : "GeometryCollection",
		"geometries" : [
			{"properties" : {"direction" : "oneway","flag" : "sideway"},"type" : "LineString","coordinates" : [[538075.51, 3957813.95],[538061.60, 3957783.19],[538005.03, 3957486.56],[537992.13, 3957414.46]]}
		]
	}
}
,
{
	"type" : "Feature",
	"properties" : {"ObjectType" : "mainstreet","fname" : " ","name" : " ","id" : 377},
	"geometry" : {"type" : "GeometryCollection",
		"geometries" : [
			{"properties" : {"direction" : "oneway","flag" : "bridge"},"type" : "LineString","coordinates" : [[542777.53, 3956927.81],[542828.73, 3957206.49],[542836.91, 3957242.24],[542838.55, 3957275.53],[542838.26, 3957383.80]]}
		]
	}
}
,
{
	"type" : "Feature",
	"properties" : {"ObjectType" : "mainstreet","fname" : " ","name" : " ","id" : 381},
	"geometry" : {"type" : "GeometryCollection",
		"geometries" : [
			{"properties" : {"direction" : "oneway","flag" : "bridge"},"type" : "LineString","coordinates" : [[542829.40, 3957383.80],[542829.02, 3957244.01],[542791.25, 3957045.78],[542775.28, 3956955.79],[542770.59, 3956930.65]]}
		]
	}
}
,
{
	"type" : "Feature",
	"properties" : {"ObjectType" : "bystreet","fname" : "","name" : "","id" : 385},
	"geometry" : {"type" : "GeometryCollection",
		"geometries" : [
			{"properties" : {"direction" : "oneway","flag" : "sideway"},"type" : "LineString","coordinates" : [[543917.56, 3957986.39],[543931.17, 3958014.05],[543969.14, 3958149.42],[543989.16, 3958187.71],[544042.79, 3958270.65],[544095.22, 3958338.95],[544128.22, 3958382.76]]}
		]
	}
}
,
{
	"type" : "Feature",
	"properties" : {"ObjectType" : "highway","fname" : "","name" : "","id" : 393},
	"geometry" : {"type" : "GeometryCollection",
		"geometries" : [
			{"properties" : {"direction" : "oneway","flag" : "sideway"},"type" : "LineString","coordinates" : [[537983.98, 3956303.84],[538005.43, 3956312.43],[538025.44, 3956329.59],[538038.31, 3956351.04],[538048.32, 3956379.64],[538052.62, 3956408.24],[538055.48, 3956526.94],[538059.77, 3956625.61]]}
		]
	}
}
,
{
	"type" : "Feature",
	"properties" : {"ObjectType" : "unknown(0x1181)","fname" : "","name" : "","id" : 423},
	"geometry" : {"type" : "GeometryCollection",
		"geometries" : [
			{"properties" : {"direction" : "oneway","flag" : "sideway"},"type" : "LineString","coordinates" : [[542802.90, 3956921.59],[542790.55, 3956935.96],[542788.73, 3956946.28],[542814.53, 3957067.25],[542830.62, 3957103.07],[542851.56, 3957125.53],[542868.87, 3957137.37],[542968.74, 3957185.33],[543030.06, 3957226.77],[543032.23, 3957228.32]]}
		]
	}
}
,
{
	"type" : "Feature",
	"properties" : {"ObjectType" : "unknown(0x1182)","fname" : "","name" : "","id" : 436},
	"geometry" : {"type" : "GeometryCollection",
		"geometries" : [
			{"properties" : {"direction" : "oneway","flag" : "sideway"},"type" : "LineString","coordinates" : [[542390.81, 3957079.01],[542347.42, 3957089.84],[542269.21, 3957096.84],[542245.72, 3957105.84],[542227.48, 3957120.08],[542188.75, 3957171.43],[542171.01, 3957181.93],[542137.77, 3957192.92],[542129.02, 3957199.42],[542111.53, 3957224.91],[542105.79, 3957250.40],[542105.04, 3957273.51],[542101.84, 3957310.60]]}
		]
	}
}
,
{
	"type" : "Feature",
	"properties" : {"ObjectType" : "highway","fname" : "","name" : "","id" : 440},
	"geometry" : {"type" : "GeometryCollection",
		"geometries" : [
			{"properties" : {"direction" : "oneway","flag" : "sideway"},"type" : "LineString","coordinates" : [[539728.68, 3956349.09],[539774.13, 3956350.24],[539802.60, 3956340.48],[539818.06, 3956329.91],[539831.07, 3956316.89],[539840.02, 3956301.44],[539845.72, 3956271.34],[539845.72, 3956255.88],[539842.46, 3956243.68],[539825.38, 3956217.65],[539810.74, 3956207.07],[539796.91, 3956202.19],[539762.74, 3956203.82],[539734.27, 3956218.46],[539723.69, 3956227.41],[539709.06, 3956252.63],[539700.11, 3956285.98],[539696.87, 3956306.23]]}
		]
	}
}
,
{
	"type" : "Feature",
	"properties" : {"ObjectType" : "unknown(0x1182)","fname" : "","name" : "","id" : 448},
	"geometry" : {"type" : "GeometryCollection",
		"geometries" : [
			{"properties" : {"direction" : "oneway","flag" : "sideway"},"type" : "LineString","coordinates" : [[543900.37, 3957273.73],[543936.68, 3957257.19],[543986.76, 3957235.31],[543994.34, 3957229.00],[544003.59, 3957213.43],[544004.01, 3957205.02],[544000.23, 3957185.66],[543982.13, 3957162.52],[543956.05, 3957148.21],[543924.91, 3957143.17],[543913.55, 3957144.01],[543895.88, 3957154.95],[543886.19, 3957169.67],[543878.19, 3957206.70],[543874.42, 3957228.58],[543869.79, 3957245.41],[543862.63, 3957257.19],[543852.54, 3957269.82],[543844.00, 3957278.27]]}
		]
	}
}
,
{
	"type" : "Feature",
	"properties" : {"ObjectType" : "unknown(0x1181)","fname" : "","name" : "","id" : 458},
	"geometry" : {"type" : "GeometryCollection",
		"geometries" : [
			{"properties" : {"direction" : "oneway","flag" : "sideway"},"type" : "LineString","coordinates" : [[540196.98, 3956405.17],[540229.55, 3956402.55],[540307.77, 3956407.52],[540393.43, 3956423.66],[540551.12, 3956467.11],[540584.57, 3956477.33],[540593.27, 3956478.54]]}
		]
	}
}
,
{
	"type" : "Feature",
	"properties" : {"ObjectType" : "unknown(0x1181)","fname" : "","name" : "","id" : 489},
	"geometry" : {"type" : "GeometryCollection",
		"geometries" : [
			{"properties" : {"direction" : "oneway","flag" : "sideway"},"type" : "LineString","coordinates" : [[539271.72, 3959916.72],[539347.99, 3959985.45],[539373.75, 3960005.39],[539431.06, 3960034.88],[539460.84, 3960061.72]]}
		]
	}
}
,
{
	"type" : "Feature",
	"properties" : {"ObjectType" : "highway","fname" : "","name" : "","id" : 498},
	"geometry" : {"type" : "GeometryCollection",
		"geometries" : [
			{"properties" : {"direction" : "oneway","flag" : "sideway"},"type" : "LineString","coordinates" : [[538382.44, 3956225.46],[538344.36, 3956236.63],[538302.88, 3956238.06],[538224.23, 3956255.22],[538144.14, 3956285.25],[538098.38, 3956308.13],[538081.22, 3956322.44],[538058.34, 3956358.19],[538048.32, 3956379.64]]}
		]
	}
}
,
{
	"type" : "Feature",
	"properties" : {"ObjectType" : "unknown(0x1182)","fname" : "","name" : "","id" : 505},
	"geometry" : {"type" : "GeometryCollection",
		"geometries" : [
			{"properties" : {"direction" : "oneway","flag" : "sideway"},"type" : "LineString","coordinates" : [[539325.25, 3956224.57],[539454.37, 3956237.06],[539486.61, 3956215.88],[539499.18, 3956179.69],[539519.28, 3956150.14],[539556.53, 3956126.50],[539568.65, 3956110.55],[539579.19, 3956073.82],[539573.89, 3956034.20]]}
		]
	}
}
,
{
	"type" : "Feature",
	"properties" : {"ObjectType" : "unknown(0x1182)","fname" : "","name" : "","id" : 507},
	"geometry" : {"type" : "GeometryCollection",
		"geometries" : [
			{"properties" : {"direction" : "oneway","flag" : "sideway"},"type" : "LineString","coordinates" : [[538289.31, 3957289.41],[538202.37, 3957269.83],[538184.46, 3957268.94],[538173.27, 3957272.52],[538165.65, 3957276.10],[538151.31, 3957295.81],[538134.30, 3957334.32],[538116.64, 3957355.35],[538066.89, 3957385.28],[538052.98, 3957392.87],[538038.65, 3957413.11],[538036.54, 3957436.93],[538038.23, 3957452.31],[538039.75, 3957476.24]]}
		]
	}
}
,
{
	"type" : "Feature",
	"properties" : {"ObjectType" : "unknown(0x1181)","fname" : "","name" : "","id" : 523},
	"geometry" : {"type" : "GeometryCollection",
		"geometries" : [
			{"properties" : {"direction" : "oneway","flag" : "sideway"},"type" : "LineString","coordinates" : [[543745.68, 3957622.42],[543744.99, 3957622.05],[543717.01, 3957526.60],[543700.72, 3957495.83],[543658.11, 3957438.86],[543636.66, 3957414.34],[543609.93, 3957393.41],[543586.11, 3957383.19],[543553.93, 3957377.74],[543508.34, 3957371.57]]}
		]
	}
}
,
{
	"type" : "Feature",
	"properties" : {"ObjectType" : "unknown(0x1181)","fname" : "","name" : "","id" : 526},
	"geometry" : {"type" : "GeometryCollection",
		"geometries" : [
			{"properties" : {"direction" : "oneway","flag" : "sideway"},"type" : "LineString","coordinates" : [[543497.93, 3959852.97],[543493.72, 3959860.27],[543495.74, 3959874.41],[543583.71, 3960055.55]]}
		]
	}
}
,
{
	"type" : "Feature",
	"properties" : {"ObjectType" : "unknown(0x1182)","fname" : "","name" : "","id" : 543},
	"geometry" : {"type" : "GeometryCollection",
		"geometries" : [
			{"properties" : {"direction" : "oneway","flag" : "sideway"},"type" : "LineString","coordinates" : [[539960.41, 3956404.74],[539906.29, 3956412.01],[539840.66, 3956411.18],[539735.98, 3956401.21],[539724.35, 3956403.70],[539697.76, 3956421.15],[539644.60, 3956482.63],[539629.15, 3956494.45]]}
		]
	}
}
,
{
	"type" : "Feature",
	"properties" : {"ObjectType" : "unknown(0x1182)","fname" : "","name" : "","id" : 561},
	"geometry" : {"type" : "GeometryCollection",
		"geometries" : [
			{"properties" : {"direction" : "oneway","flag" : "sideway"},"type" : "LineString","coordinates" : [[538043.41, 3957201.81],[538073.43, 3957172.41],[538078.47, 3957159.03],[538065.19, 3957044.69],[538063.78, 3957017.27],[538053.68, 3956998.39],[538032.48, 3956992.57],[538018.12, 3956997.61],[538012.91, 3957007.01],[538006.73, 3957039.61],[537997.38, 3957101.75]]}
		]
	}
}
,
{
	"type" : "Feature",
	"properties" : {"ObjectType" : "highway","fname" : "","name" : "","id" : 577},
	"geometry" : {"type" : "GeometryCollection",
		"geometries" : [
			{"properties" : {"direction" : "oneway","flag" : "sideway"},"type" : "LineString","coordinates" : [[538710.01, 3959247.54],[538718.81, 3959329.14],[538718.81, 3959360.87],[538715.53, 3959392.59],[538718.81, 3959436.34],[538724.28, 3959457.13],[538738.50, 3959477.91],[538752.73, 3959493.23],[538834.37, 3959536.96],[538842.56, 3959541.56]]}
		]
	}
}
,
{
	"type" : "Feature",
	"properties" : {"ObjectType" : "unknown(0x1181)","fname" : "","name" : "","id" : 578},
	"geometry" : {"type" : "GeometryCollection",
		"geometries" : [
			{"properties" : {"direction" : "oneway","flag" : "sideway"},"type" : "LineString","coordinates" : [[543029.49, 3957249.54],[542969.35, 3957232.08],[542912.57, 3957209.92],[542893.15, 3957206.28],[542862.49, 3957224.49],[542856.73, 3957234.21],[542851.56, 3957295.22],[542847.62, 3957313.59],[542844.89, 3957388.87],[542839.02, 3957400.36]]}
		]
	}
}
,
{
	"type" : "Feature",
	"properties" : {"ObjectType" : "highway","fname" : "","name" : "","id" : 610},
	"geometry" : {"type" : "GeometryCollection",
		"geometries" : [
			{"properties" : {"direction" : "oneway","flag" : "sideway"},"type" : "LineString","coordinates" : [[543856.50, 3957314.04],[543899.31, 3957312.60],[543915.53, 3957315.00],[543931.43, 3957321.30],[543941.93, 3957331.51],[543952.43, 3957350.71],[543953.04, 3957371.12],[543936.09, 3957402.78],[543901.27, 3957427.39],[543883.87, 3957427.39],[543867.06, 3957423.19],[543850.56, 3957414.79],[543839.15, 3957401.88],[543833.44, 3957375.17],[543828.72, 3957334.72]]}
		]
	}
}
,
{
	"type" : "Feature",
	"properties" : {"ObjectType" : "unknown(0x1181)","fname" : "","name" : "","id" : 611},
	"geometry" : {"type" : "GeometryCollection",
		"geometries" : [
			{"properties" : {"direction" : "oneway","flag" : "sideway"},"type" : "LineString","coordinates" : [[538132.99, 3957600.65],[538088.48, 3957614.15],[538071.61, 3957625.98],[538070.43, 3957634.86],[538073.09, 3957663.86],[538081.97, 3957710.02],[538110.97, 3957873.06],[538111.26, 3957905.17]]}
		]
	}
}
,
{
	"type" : "Feature",
	"properties" : {"ObjectType" : "unknown(0x1181)","fname" : "","name" : "","id" : 633},
	"geometry" : {"type" : "GeometryCollection",
		"geometries" : [
			{"properties" : {"direction" : "oneway","flag" : "sideway"},"type" : "LineString","coordinates" : [[542604.31, 3957070.90],[542653.64, 3957071.60],[542749.65, 3957081.36],[542765.42, 3957077.80],[542776.36, 3957068.64],[542781.44, 3957055.93],[542776.87, 3957011.92],[542764.91, 3956941.72],[542766.18, 3956917.94],[542768.00, 3956904.87]]}
		]
	}
}
,
{
	"type" : "Feature",
	"properties" : {"ObjectType" : "mainstreet","fname" : "????? ????????","name" : "Shohadaye Pasdaran","id" : 640},
	"geometry" : {"type" : "GeometryCollection",
		"geometries" : [
			{"properties" : {"direction" : "oneway","flag" : "bridge"},"type" : "LineString","coordinates" : [[542627.06, 3958445.77],[542321.10, 3958592.36],[542627.06, 3958445.77],[542321.10, 3958592.36]]}
		]
	}
}
,
{
	"type" : "Feature",
	"properties" : {"ObjectType" : "unknown(0x1182)","fname" : "","name" : "","id" : 660},
	"geometry" : {"type" : "GeometryCollection",
		"geometries" : [
			{"properties" : {"direction" : "oneway","flag" : "sideway"},"type" : "LineString","coordinates" : [[538010.09, 3957290.16],[538019.89, 3957329.67],[538024.68, 3957343.10],[538042.42, 3957358.92],[538055.37, 3957363.24],[538068.55, 3957363.96],[538090.85, 3957356.76],[538108.11, 3957342.86],[538126.09, 3957310.50],[538127.53, 3957287.96],[538122.73, 3957266.38],[538108.59, 3957244.81],[538086.77, 3957227.79],[538073.91, 3957223.26],[538042.43, 3957213.78]]}
		]
	}
}
,
{
	"type" : "Feature",
	"properties" : {"ObjectType" : "unknown(0x1181)","fname" : "","name" : "","id" : 662},
	"geometry" : {"type" : "GeometryCollection",
		"geometries" : [
			{"properties" : {"direction" : "oneway","flag" : "sideway"},"type" : "LineString","coordinates" : [[540581.25, 3956565.11],[540476.63, 3956516.78],[540443.10, 3956498.15],[540392.19, 3956473.32],[540304.05, 3956443.52],[540275.94, 3956434.15]]}
		]
	}
}
,
{
	"type" : "Feature",
	"properties" : {"ObjectType" : "highway","fname" : "","name" : "","id" : 686},
	"geometry" : {"type" : "GeometryCollection",
		"geometries" : [
			{"properties" : {"direction" : "oneway","flag" : "sideway"},"type" : "LineString","coordinates" : [[543809.98, 3957281.61],[543804.67, 3957226.92],[543796.21, 3957209.99],[543781.28, 3957198.55],[543769.32, 3957196.55],[543741.46, 3957201.03],[543732.50, 3957206.51],[543706.71, 3957230.57],[543699.15, 3957243.84],[543696.66, 3957259.27],[543699.65, 3957275.20],[543705.62, 3957287.14],[543715.07, 3957297.10],[543731.01, 3957302.57],[543759.38, 3957304.57],[543785.63, 3957309.10]]}
		]
	}
}
,
{
	"type" : "Feature",
	"properties" : {"ObjectType" : "unknown(0x1100)","fname" : "","name" : "","id" : 701},
	"geometry" : {"type" : "GeometryCollection",
		"geometries" : [
			{"type" : "LineString","coordinates" : [[541186.54, 3956927.31],[541154.54, 3956924.02],[541082.52, 3956902.91],[541058.93, 3956890.50],[540948.43, 3956817.87],[540939.74, 3956813.52],[540924.84, 3956812.28],[540913.67, 3956817.24],[540910.72, 3956820.77],[540907.34, 3956832.37]]}
		]
	}
}
,
{
	"type" : "Feature",
	"properties" : {"ObjectType" : "unknown(0x1181)","fname" : "","name" : "","id" : 729},
	"geometry" : {"type" : "GeometryCollection",
		"geometries" : [
			{"properties" : {"direction" : "oneway","flag" : "sideway"},"type" : "LineString","coordinates" : [[543281.71, 3959648.98],[543236.11, 3959620.71],[543181.39, 3959561.18],[543131.77, 3959489.73],[543124.28, 3959480.69],[543114.97, 3959475.00],[543089.39, 3959468.80],[543046.50, 3959471.90],[543045.96, 3959471.95]]}
		]
	}
}
,
{
	"type" : "Feature",
	"properties" : {"ObjectType" : "unknown(0x1181)","fname" : "","name" : "","id" : 751},
	"geometry" : {"type" : "GeometryCollection",
		"geometries" : [
			{"properties" : {"direction" : "oneway","flag" : "sideway"},"type" : "LineString","coordinates" : [[542583.36, 3958553.54],[542557.68, 3958546.63],[542536.71, 3958534.05],[542510.79, 3958523.37],[542469.99, 3958525.47],[542440.25, 3958538.05],[542326.63, 3958596.19],[542300.06, 3958603.03],[542298.75, 3958603.18]]}
		]
	}
}
,
{
	"type" : "Feature",
	"properties" : {"ObjectType" : "unknown(0x1182)","fname" : "","name" : "","id" : 889},
	"geometry" : {"type" : "GeometryCollection",
		"geometries" : [
			{"properties" : {"direction" : "oneway","flag" : "sideway"},"type" : "LineString","coordinates" : [[543721.80, 3957347.49],[543692.94, 3957364.58],[543676.68, 3957380.84],[543669.04, 3957401.40],[543670.48, 3957411.44],[543674.78, 3957435.34],[543682.91, 3957446.82],[543689.19, 3957453.39],[543701.64, 3957458.37],[543719.06, 3957458.37],[543733.49, 3957454.88],[543757.39, 3957433.48],[543780.19, 3957377.00]]}
		]
	}
}
,
{
	"type" : "Feature",
	"properties" : {"ObjectType" : "unknown(0x1181)","fname" : "","name" : "","id" : 903},
	"geometry" : {"type" : "GeometryCollection",
		"geometries" : [
			{"properties" : {"direction" : "oneway","flag" : "sideway"},"type" : "LineString","coordinates" : [[542944.69, 3959520.23],[542971.65, 3959502.46],[543083.19, 3959457.54],[543102.89, 3959437.80],[543105.66, 3959417.48],[543106.78, 3959394.27],[543104.16, 3959373.69],[543106.16, 3959348.13]]}
		]
	}
}
,
{
	"type" : "Feature",
	"properties" : {"ObjectType" : "mainstreet","fname" : "","name" : "","id" : 917},
	"geometry" : {"type" : "GeometryCollection",
		"geometries" : [
			{"properties" : {"direction" : "oneway","flag" : "sideway"},"type" : "LineString","coordinates" : [[538088.06, 3957602.56],[538049.14, 3957613.48],[537998.14, 3957622.27]]}
		]
	}
}
,
{
	"type" : "Feature",
	"properties" : {"ObjectType" : "unknown(0x1181)","fname" : "","name" : "","id" : 951},
	"geometry" : {"type" : "GeometryCollection",
		"geometries" : [
			{"properties" : {"direction" : "oneway","flag" : "sideway"},"type" : "LineString","coordinates" : [[542298.75, 3958603.18],[542335.40, 3958579.80],[542463.89, 3958515.75],[542466.93, 3958506.21],[542464.65, 3958487.53],[542458.17, 3958471.52],[542446.50, 3958446.82]]}
		]
	}
}
,
{
	"type" : "Feature",
	"properties" : {"ObjectType" : "unknown(0x1181)","fname" : "","name" : "","id" : 984},
	"geometry" : {"type" : "GeometryCollection",
		"geometries" : [
			{"properties" : {"direction" : "oneway","flag" : "sideway"},"type" : "LineString","coordinates" : [[544088.21, 3957308.77],[544008.87, 3957370.80],[543983.77, 3957397.96],[543977.27, 3957417.31],[543979.05, 3957433.25],[543983.77, 3957440.64],[543996.17, 3957455.99],[544019.21, 3957465.44],[544044.60, 3957473.12],[544044.65, 3957473.14]]}
		]
	}
}
,
{
	"type" : "Feature",
	"properties" : {"ObjectType" : "highway","fname" : "","name" : "","id" : 1010},
	"geometry" : {"type" : "GeometryCollection",
		"geometries" : [
			{"properties" : {"direction" : "oneway","flag" : "sideway"},"type" : "LineString","coordinates" : [[542137.72, 3957062.47],[542178.22, 3957050.84],[542192.17, 3957039.78],[542199.31, 3957025.31],[542198.81, 3957004.90],[542192.34, 3956991.80],[542172.60, 3956980.40],[542158.99, 3956978.87],[542137.73, 3956985.16],[542120.88, 3956997.58],[542109.65, 3957014.09],[542104.04, 3957033.31],[542102.26, 3957049.43]]}
		]
	}
}
,
{
	"type" : "Feature",
	"properties" : {"ObjectType" : "unknown(0x1100)","fname" : "","name" : "","id" : 1060},
	"geometry" : {"type" : "GeometryCollection",
		"geometries" : [
			{"type" : "LineString","coordinates" : [[541562.89, 3957106.47],[541565.09, 3957084.25],[541560.84, 3957072.41],[541553.55, 3957062.39],[541540.19, 3957053.89],[541444.88, 3957027.33],[541402.07, 3957010.18],[541375.31, 3956993.68]]}
		]
	}
}
,
{
	"type" : "Feature",
	"properties" : {"ObjectType" : "unknown(0x1181)","fname" : "","name" : "","id" : 1074},
	"geometry" : {"type" : "GeometryCollection",
		"geometries" : [
			{"properties" : {"direction" : "oneway","flag" : "sideway"},"type" : "LineString","coordinates" : [[538827.46, 3959554.84],[538806.78, 3959553.04],[538733.11, 3959529.10],[538708.69, 3959526.80],[538690.75, 3959530.02],[538666.34, 3959540.61],[538623.05, 3959585.29],[538617.56, 3959590.63]]}
		]
	}
}
,
{
	"type" : "Feature",
	"properties" : {"ObjectType" : "unknown(0x1181)","fname" : "","name" : "","id" : 1099},
	"geometry" : {"type" : "GeometryCollection",
		"geometries" : [
			{"properties" : {"direction" : "oneway","flag" : "sideway"},"type" : "LineString","coordinates" : [[539343.84, 3960048.17],[539325.15, 3960025.74],[539286.17, 3959960.26]]}
		]
	}
}
,
{
	"type" : "Feature",
	"properties" : {"ObjectType" : "mainstreet","fname" : "","name" : "","id" : 1110},
	"geometry" : {"type" : "GeometryCollection",
		"geometries" : [
			{"properties" : {"direction" : "oneway","flag" : "sideway"},"type" : "LineString","coordinates" : [[540704.73, 3956587.81],[540768.40, 3956619.83],[540870.21, 3956699.29],[540886.74, 3956716.61],[540890.07, 3956721.64]]}
		]
	}
}
,
{
	"type" : "Feature",
	"properties" : {"ObjectType" : "unknown(0x1182)","fname" : "","name" : "","id" : 1113},
	"geometry" : {"type" : "GeometryCollection",
		"geometries" : [
			{"properties" : {"direction" : "oneway","flag" : "sideway"},"type" : "LineString","coordinates" : [[542100.97, 3957122.18],[542109.68, 3957151.94],[542122.36, 3957166.54],[542141.38, 3957175.57],[542169.81, 3957172.11],[542177.30, 3957167.50],[542190.36, 3957154.82],[542195.74, 3957140.03],[542194.01, 3957119.86],[542181.91, 3957100.85],[542161.36, 3957088.55],[542143.68, 3957080.46]]}
		]
	}
}
,
{
	"type" : "Feature",
	"properties" : {"ObjectType" : "mainstreet","fname" : "","name" : "","id" : 1118},
	"geometry" : {"type" : "GeometryCollection",
		"geometries" : [
			{"properties" : {"direction" : "oneway","flag" : "sideway"},"type" : "LineString","coordinates" : [[537998.14, 3957598.53],[538012.50, 3957585.05],[538018.66, 3957574.50],[538020.71, 3957567.46]]}
		]
	}
}
,
{
	"type" : "Feature",
	"properties" : {"ObjectType" : "bystreet","fname" : "","name" : "","id" : 1178},
	"geometry" : {"type" : "GeometryCollection",
		"geometries" : [
			{"properties" : {"direction" : "oneway","flag" : "sideway"},"type" : "LineString","coordinates" : [[544091.53, 3958397.24],[544068.15, 3958349.05],[544029.86, 3958289.61],[544000.54, 3958248.11],[543981.31, 3958238.18],[543970.82, 3958234.09],[543961.13, 3958233.48]]}
		]
	}
}
,
{
	"type" : "Feature",
	"properties" : {"ObjectType" : "unknown(0x1100)","fname" : "","name" : "","id" : 1217},
	"geometry" : {"type" : "GeometryCollection",
		"geometries" : [
			{"type" : "LineString","coordinates" : [[543865.41, 3958060.89],[543864.60, 3957979.09],[543852.79, 3957929.19],[543838.77, 3957892.39],[543833.93, 3957855.42]]}
		]
	}
}
,
{
	"type" : "Feature",
	"properties" : {"ObjectType" : "highway","fname" : "","name" : "","id" : 1223},
	"geometry" : {"type" : "GeometryCollection",
		"geometries" : [
			{"properties" : {"direction" : "oneway","flag" : "sideway"},"type" : "LineString","coordinates" : [[542075.21, 3957238.62],[542060.11, 3957182.86],[542049.38, 3957144.31],[542040.34, 3957128.90],[542016.19, 3957111.05],[541975.99, 3957102.00],[541957.39, 3957098.65],[541955.18, 3957098.25]]}
		]
	}
}
,
{
	"type" : "Feature",
	"properties" : {"ObjectType" : "highway","fname" : "","name" : "","id" : 1285},
	"geometry" : {"type" : "GeometryCollection",
		"geometries" : [
			{"properties" : {"direction" : "oneway","flag" : "sideway"},"type" : "LineString","coordinates" : [[541984.74, 3957031.79],[542024.93, 3957035.85],[542036.85, 3957041.50],[542043.47, 3957049.97],[542045.93, 3957086.66],[542043.96, 3957095.13],[542037.57, 3957101.02],[542033.41, 3957101.63],[541968.37, 3957097.95],[541955.18, 3957098.25]]}
		]
	}
}
,
{
	"type" : "Feature",
	"properties" : {"ObjectType" : "mainstreet","fname" : "","name" : "","id" : 1296},
	"geometry" : {"type" : "GeometryCollection",
		"geometries" : [
			{"properties" : {"direction" : "oneway","flag" : "sideway"},"type" : "LineString","coordinates" : [[538033.46, 3957639.57],[538019.19, 3957628.88],[538008.13, 3957626.96],[537998.97, 3957627.95]]}
		]
	}
}
,
{
	"type" : "Feature",
	"properties" : {"ObjectType" : "highway","fname" : "","name" : "","id" : 1359},
	"geometry" : {"type" : "GeometryCollection",
		"geometries" : [
			{"properties" : {"direction" : "oneway","flag" : "sideway"},"type" : "LineString","coordinates" : [[538098.38, 3956308.13],[538052.62, 3956303.84],[538031.17, 3956293.83],[538014.01, 3956275.24],[538005.43, 3956249.50],[538008.29, 3956228.05],[538014.01, 3956209.46],[538025.44, 3956180.86]]}
		]
	}
}
,
{
	"type" : "Feature",
	"properties" : {"ObjectType" : "POI_square","fname" : "???","name" : "Mellat","id" : 1371},
	"geometry" : {"type" : "MultiPoint",
		"coordinates" : [[543116.95, 3956853.80]]
	}
}
,
{
	"type" : "Feature",
	"properties" : {"ObjectType" : "unknown(0x1100)","fname" : "???","name" : "Mellat","id" : 1384},
	"geometry" : {"type" : "GeometryCollection",
		"geometries" : [
			{"type" : "LineString","coordinates" : [[543138.68, 3956870.99],[543141.04, 3956885.05],[543137.31, 3956888.77],[543129.56, 3956891.64],[543124.98, 3956890.78],[543111.22, 3956873.86],[543094.01, 3956826.55],[543097.17, 3956816.23],[543112.65, 3956816.80],[543114.35, 3956819.85],[543119.75, 3956830.90],[543138.68, 3956870.99]]}
		]
	}
}
,
{
	"type" : "Feature",
	"properties" : {"ObjectType" : "highway","fname" : "","name" : "","id" : 1398},
	"geometry" : {"type" : "GeometryCollection",
		"geometries" : [
			{"properties" : {"direction" : "oneway","flag" : "sideway"},"type" : "LineString","coordinates" : [[541765.55, 3957062.31],[541678.92, 3957068.92],[541667.39, 3957075.90],[541646.75, 3957078.78],[541640.13, 3957077.93],[541620.93, 3957084.86],[541588.77, 3957107.93],[541587.85, 3957108.74]]}
		]
	}
}
,
{
	"type" : "Feature",
	"properties" : {"ObjectType" : "unknown(0x1181)","fname" : "","name" : "","id" : 1435},
	"geometry" : {"type" : "GeometryCollection",
		"geometries" : [
			{"properties" : {"direction" : "oneway","flag" : "sideway"},"type" : "LineString","coordinates" : [[542476.26, 3958449.95],[542514.03, 3958472.48],[542528.71, 3958481.05],[542537.47, 3958479.91],[542593.52, 3958451.31],[542623.64, 3958440.64],[542643.13, 3958438.00]]}
		]
	}
}
,
{
	"type" : "Feature",
	"properties" : {"ObjectType" : "unknown(0x1181)","fname" : "","name" : "","id" : 1468},
	"geometry" : {"type" : "GeometryCollection",
		"geometries" : [
			{"properties" : {"direction" : "oneway","flag" : "sideway"},"type" : "LineString","coordinates" : [[543753.26, 3955948.72],[543759.43, 3956010.67],[543766.06, 3956010.18],[543770.63, 3956072.06],[543786.30, 3956070.39],[543788.51, 3956105.04]]}
		]
	}
}
,
{
	"type" : "Feature",
	"properties" : {"ObjectType" : "highway","fname" : "","name" : "","id" : 1492},
	"geometry" : {"type" : "GeometryCollection",
		"geometries" : [
			{"properties" : {"direction" : "oneway","flag" : "sideway"},"type" : "LineString","coordinates" : [[541809.42, 3957048.43],[541824.93, 3957041.37],[541955.16, 3957035.18],[541984.74, 3957031.79]]}
		]
	}
}
,
{
	"type" : "Feature",
	"properties" : {"ObjectType" : "POI_square","fname" : "???? ????","name" : "Farrokhi-ye Yazdi","id" : 1527},
	"geometry" : {"type" : "MultiPoint",
		"coordinates" : [[541344.86, 3957137.21]]
	}
}
,
{
	"type" : "Feature",
	"properties" : {"ObjectType" : "unknown(0x1100)","fname" : "","name" : "","id" : 1528},
	"geometry" : {"type" : "GeometryCollection",
		"geometries" : [
			{"type" : "LineString","coordinates" : [[543872.05, 3958078.67],[543866.36, 3958088.06],[543844.03, 3958147.70],[543844.03, 3958163.89],[543846.24, 3958177.88],[543858.51, 3958198.00],[543873.97, 3958206.84],[543897.52, 3958214.20],[543898.59, 3958214.48]]}
		]
	}
}
,
{
	"type" : "Feature",
	"properties" : {"ObjectType" : "unknown(0x1100)","fname" : "???? ????","name" : "Farrokhi-ye Yazdi","id" : 1532},
	"geometry" : {"type" : "GeometryCollection",
		"geometries" : [
			{"type" : "LineString","coordinates" : [[541332.37, 3957110.93],[541344.89, 3957105.28],[541369.57, 3957155.58],[541356.87, 3957163.16],[541344.00, 3957169.01],[541319.85, 3957116.57],[541332.37, 3957110.93]]}
		]
	}
}
,
{
	"type" : "Feature",
	"properties" : {"ObjectType" : "highway","fname" : "","name" : "","id" : 1651},
	"geometry" : {"type" : "GeometryCollection",
		"geometries" : [
			{"properties" : {"direction" : "oneway","flag" : "sideway"},"type" : "LineString","coordinates" : [[541984.74, 3957031.79],[542007.82, 3957028.39],[542022.21, 3957022.17],[542042.43, 3957000.02],[542052.92, 3956971.45],[542054.86, 3956949.69],[542061.34, 3956914.63]]}
		]
	}
}
,
{
	"type" : "Feature",
	"properties" : {"ObjectType" : "unknown(0x1181)","fname" : "","name" : "","id" : 1716},
	"geometry" : {"type" : "GeometryCollection",
		"geometries" : [
			{"properties" : {"direction" : "oneway","flag" : "sideway"},"type" : "LineString","coordinates" : [[544195.69, 3959350.35],[544111.18, 3959247.49],[544094.68, 3959240.56]]}
		]
	}
}
,
{
	"type" : "Feature",
	"properties" : {"ObjectType" : "unknown(0x1181)","fname" : "","name" : "","id" : 1717},
	"geometry" : {"type" : "GeometryCollection",
		"geometries" : [
			{"properties" : {"direction" : "oneway","flag" : "sideway"},"type" : "LineString","coordinates" : [[540422.96, 3960055.26],[540432.85, 3960043.63],[540446.50, 3960030.54]]}
		]
	}
}
,
{
	"type" : "Feature",
	"properties" : {"ObjectType" : "highway","fname" : "","name" : "","id" : 1756},
	"geometry" : {"type" : "GeometryCollection",
		"geometries" : [
			{"properties" : {"direction" : "oneway","flag" : "sideway"},"type" : "LineString","coordinates" : [[541955.18, 3957098.25],[541843.91, 3957077.61],[541811.93, 3957066.64]]}
		]
	}
}
,
{
	"type" : "Feature",
	"properties" : {"ObjectType" : "POI_square","fname" : "?????","name" : "Kazemi","id" : 1769},
	"geometry" : {"type" : "MultiPoint",
		"coordinates" : [[539921.03, 3956668.98]]
	}
}
,
{
	"type" : "Feature",
	"properties" : {"ObjectType" : "mainstreet","fname" : " ","name" : " ","id" : 1777},
	"geometry" : {"type" : "GeometryCollection",
		"geometries" : [
			{"properties" : {"direction" : "oneway","flag" : "bridge"},"type" : "LineString","coordinates" : [[543102.81, 3959486.15],[543184.53, 3959510.81],[543210.25, 3959519.18],[543228.68, 3959521.60],[543242.74, 3959521.21]]}
		]
	}
}
,
{
	"type" : "Feature",
	"properties" : {"ObjectType" : "unknown(0x1100)","fname" : "?????","name" : "Kazemi","id" : 1788},
	"geometry" : {"type" : "GeometryCollection",
		"geometries" : [
			{"type" : "LineString","coordinates" : [[539914.66, 3956691.38],[539903.47, 3956684.11],[539900.22, 3956679.02],[539898.31, 3956665.87],[539899.26, 3956661.94],[539907.03, 3956651.05],[539910.35, 3956648.92],[539923.88, 3956646.44],[539929.43, 3956647.84],[539940.80, 3956657.43],[539942.31, 3956660.42],[539942.73, 3956677.04],[539940.94, 3956680.86],[539931.93, 3956689.57],[539927.36, 3956691.42],[539918.39, 3956692.14],[539916.10, 3956691.75],[539914.66, 3956691.38]]}
		]
	}
}
,
{
	"type" : "Feature",
	"properties" : {"ObjectType" : "unknown(0x1181)","fname" : "","name" : "","id" : 1789},
	"geometry" : {"type" : "GeometryCollection",
		"geometries" : [
			{"properties" : {"direction" : "oneway","flag" : "sideway"},"type" : "LineString","coordinates" : [[539666.43, 3956624.79],[539574.81, 3956611.86],[539565.84, 3956612.46],[539547.30, 3956623.22],[539541.31, 3956630.40],[539534.78, 3956640.28]]}
		]
	}
}
,
{
	"type" : "Feature",
	"properties" : {"ObjectType" : "unknown(0x1181)","fname" : "","name" : "","id" : 1818},
	"geometry" : {"type" : "GeometryCollection",
		"geometries" : [
			{"properties" : {"direction" : "oneway","flag" : "sideway"},"type" : "LineString","coordinates" : [[542643.13, 3958438.00],[542628.22, 3958451.31],[542581.69, 3958476.48],[542573.68, 3958488.68],[542572.93, 3958503.54],[542585.51, 3958523.37],[542593.68, 3958536.33]]}
		]
	}
}
,
{
	"type" : "Feature",
	"properties" : {"ObjectType" : "unknown(0x1181)","fname" : "","name" : "","id" : 1829},
	"geometry" : {"type" : "GeometryCollection",
		"geometries" : [
			{"properties" : {"direction" : "oneway","flag" : "sideway"},"type" : "LineString","coordinates" : [[543911.35, 3958831.96],[543922.75, 3958840.52],[543927.09, 3958851.62],[543932.88, 3958908.07],[543944.46, 3958959.70],[543945.39, 3958963.86]]}
		]
	}
}
,
{
	"type" : "Feature",
	"properties" : {"ObjectType" : "POI_square","fname" : "?????","name" : "Aqili","id" : 1859},
	"geometry" : {"type" : "MultiPoint",
		"coordinates" : [[543309.40, 3958309.88]]
	}
}
,
{
	"type" : "Feature",
	"properties" : {"ObjectType" : "unknown(0x1100)","fname" : "?????","name" : "Aqili","id" : 1872},
	"geometry" : {"type" : "GeometryCollection",
		"geometries" : [
			{"type" : "LineString","coordinates" : [[543314.85, 3958287.26],[543325.04, 3958294.12],[543327.85, 3958298.42],[543329.74, 3958313.19],[543328.41, 3958317.39],[543318.07, 3958328.52],[543311.63, 3958330.74],[543306.60, 3958331.04],[543291.91, 3958324.64],[543288.72, 3958321.00],[543285.30, 3958311.82],[543307.82, 3958285.95],[543313.03, 3958286.60],[543314.85, 3958287.26]]}
		]
	}
}
,
{
	"type" : "Feature",
	"properties" : {"ObjectType" : "POI_square","fname" : "??????","name" : "Nilufar","id" : 1892},
	"geometry" : {"type" : "MultiPoint",
		"coordinates" : [[538498.12, 3957931.13]]
	}
}
,
{
	"type" : "Feature",
	"properties" : {"ObjectType" : "unknown(0x1100)","fname" : "??????","name" : "Nilufar","id" : 1904},
	"geometry" : {"type" : "GeometryCollection",
		"geometries" : [
			{"type" : "LineString","coordinates" : [[538504.11, 3957956.83],[538493.16, 3957953.65],[538488.78, 3957947.87],[538483.60, 3957929.95],[538483.80, 3957911.63],[538489.18, 3957906.25],[538500.93, 3957906.05],[538505.91, 3957910.83],[538512.28, 3957931.14],[538512.28, 3957948.87],[538509.49, 3957954.44],[538504.11, 3957956.83]]}
		]
	}
}
,
{
	"type" : "Feature",
	"properties" : {"ObjectType" : "highway","fname" : "","name" : "","id" : 1905},
	"geometry" : {"type" : "GeometryCollection",
		"geometries" : [
			{"properties" : {"direction" : "oneway","flag" : "sideway"},"type" : "LineString","coordinates" : [[541559.62, 3956923.30],[541556.89, 3956933.68],[541557.19, 3956950.99],[541570.77, 3956982.41],[541580.56, 3956993.79],[541622.89, 3957010.55],[541631.85, 3957017.27]]}
		]
	}
}
,
{
	"type" : "Feature",
	"properties" : {"ObjectType" : "highway","fname" : " ","name" : " ","id" : 1909},
	"geometry" : {"type" : "GeometryCollection",
		"geometries" : [
			{"properties" : {"direction" : "oneway","flag" : "bridge"},"type" : "LineString","coordinates" : [[542138.18, 3957080.48],[542004.60, 3957078.70],[542138.18, 3957080.48],[542004.60, 3957078.70]]}
		]
	}
}
,
{
	"type" : "Feature",
	"properties" : {"ObjectType" : "unknown(0x1100)","fname" : "","name" : "","id" : 1914},
	"geometry" : {"type" : "GeometryCollection",
		"geometries" : [
			{"type" : "LineString","coordinates" : [[541284.52, 3957009.79],[541262.75, 3956978.76],[541242.71, 3956965.71],[541196.56, 3956945.98],[541186.54, 3956927.31]]}
		]
	}
}
,
{
	"type" : "Feature",
	"properties" : {"ObjectType" : "highway","fname" : " ","name" : " ","id" : 1919},
	"geometry" : {"type" : "GeometryCollection",
		"geometries" : [
			{"properties" : {"direction" : "oneway","flag" : "bridge"},"type" : "LineString","coordinates" : [[542005.28, 3957060.70],[542137.72, 3957062.47],[542005.28, 3957060.70],[542137.72, 3957062.47]]}
		]
	}
}
,
{
	"type" : "Feature",
	"properties" : {"ObjectType" : "unknown(0x1181)","fname" : "","name" : "","id" : 1926},
	"geometry" : {"type" : "GeometryCollection",
		"geometries" : [
			{"properties" : {"direction" : "oneway","flag" : "sideway"},"type" : "LineString","coordinates" : [[539585.02, 3956550.61],[539582.59, 3956575.97],[539587.37, 3956592.72],[539591.56, 3956599.30],[539616.07, 3956610.07],[539647.18, 3956614.25],[539657.36, 3956617.84],[539666.43, 3956624.79]]}
		]
	}
}
,
{
	"type" : "Feature",
	"properties" : {"ObjectType" : "POI_square","fname" : "??????? )????(","name" : "Heravi","id" : 1929},
	"geometry" : {"type" : "MultiPoint",
		"coordinates" : [[543064.25, 3958240.45]]
	}
}
,
{
	"type" : "Feature",
	"properties" : {"ObjectType" : "unknown(0x1100)","fname" : "??????? )????(","name" : "Heravi","id" : 1943},
	"geometry" : {"type" : "GeometryCollection",
		"geometries" : [
			{"type" : "LineString","coordinates" : [[543084.53, 3958231.14],[543086.98, 3958239.75],[543085.50, 3958245.42],[543056.56, 3958259.16],[543051.82, 3958259.16],[543047.61, 3958257.12],[543041.82, 3958240.01],[543043.07, 3958236.38],[543044.78, 3958233.33],[543070.99, 3958221.17],[543075.64, 3958221.17],[543081.87, 3958224.80],[543084.53, 3958231.14]]}
		]
	}
}
,
{
	"type" : "Feature",
	"properties" : {"ObjectType" : "unknown(0x1181)","fname" : "","name" : "","id" : 1965},
	"geometry" : {"type" : "GeometryCollection",
		"geometries" : [
			{"properties" : {"direction" : "oneway","flag" : "sideway"},"type" : "LineString","coordinates" : [[543619.72, 3957287.82],[543629.13, 3957305.42],[543638.68, 3957315.29],[543672.91, 3957318.91],[543728.86, 3957321.22],[543729.01, 3957321.26],[543733.29, 3957322.43]]}
		]
	}
}
,
{
	"type" : "Feature",
	"properties" : {"ObjectType" : "POI_square","fname" : "??? ????","name" : "Banihashem","id" : 2004},
	"geometry" : {"type" : "MultiPoint",
		"coordinates" : [[542200.64, 3956761.57]]
	}
}
,
{
	"type" : "Feature",
	"properties" : {"ObjectType" : "unknown(0x1100)","fname" : "??? ????","name" : "Banihashem","id" : 2015},
	"geometry" : {"type" : "GeometryCollection",
		"geometries" : [
			{"type" : "LineString","coordinates" : [[542191.53, 3956743.35],[542203.80, 3956742.47],[542210.18, 3956744.55],[542218.49, 3956752.77],[542220.76, 3956759.79],[542220.05, 3956767.42],[542210.91, 3956778.70],[542207.01, 3956780.07],[542200.00, 3956780.80],[542188.92, 3956778.35],[542182.56, 3956770.53],[542180.85, 3956760.74],[542183.17, 3956751.22],[542191.53, 3956743.35]]}
		]
	}
}
,
{
	"type" : "Feature",
	"properties" : {"ObjectType" : "POI_square","fname" : "????","name" : "Madar","id" : 2106},
	"geometry" : {"type" : "MultiPoint",
		"coordinates" : [[540026.68, 3957253.96]]
	}
}
,
{
	"type" : "Feature",
	"properties" : {"ObjectType" : "unknown(0x1100)","fname" : "????","name" : "Madar","id" : 2119},
	"geometry" : {"type" : "GeometryCollection",
		"geometries" : [
			{"type" : "LineString","coordinates" : [[540024.14, 3957271.95],[540013.81, 3957266.96],[540011.04, 3957263.57],[540008.14, 3957254.21],[540009.14, 3957247.15],[540012.53, 3957241.62],[540023.74, 3957235.29],[540028.81, 3957235.21],[540038.15, 3957239.08],[540042.25, 3957243.61],[540045.15, 3957252.74],[540044.19, 3957259.49],[540035.97, 3957269.60],[540030.48, 3957271.71],[540026.40, 3957272.11],[540024.49, 3957271.99],[540024.14, 3957271.95]]}
		]
	}
}
,
{
	"type" : "Feature",
	"properties" : {"ObjectType" : "POI_square","fname" : "?????","name" : "Hedayat","id" : 2158},
	"geometry" : {"type" : "MultiPoint",
		"coordinates" : [[540628.70, 3958932.55]]
	}
}
,
{
	"type" : "Feature",
	"properties" : {"ObjectType" : "POI_square","fname" : " ","name" : " ","id" : 2160},
	"geometry" : {"type" : "MultiPoint",
		"coordinates" : [[541574.30, 3957120.86]]
	}
}
,
{
	"type" : "Feature",
	"properties" : {"ObjectType" : "POI_square","fname" : "?????","name" : "Ketabi","id" : 2165},
	"geometry" : {"type" : "MultiPoint",
		"coordinates" : [[540158.17, 3956492.19]]
	}
}
,
{
	"type" : "Feature",
	"properties" : {"ObjectType" : "unknown(0x1100)","fname" : "?????","name" : "Hedayat","id" : 2171},
	"geometry" : {"type" : "GeometryCollection",
		"geometries" : [
			{"type" : "LineString","coordinates" : [[540636.44, 3958951.83],[540629.89, 3958952.49],[540625.14, 3958949.54],[540616.30, 3958935.55],[540613.66, 3958918.72],[540616.28, 3958914.95],[540628.42, 3958911.67],[540633.32, 3958916.59],[540641.18, 3958927.31],[540643.32, 3958941.34],[540641.86, 3958947.73],[540640.22, 3958950.36],[540636.44, 3958951.83]]}
		]
	}
}
,
{
	"type" : "Feature",
	"properties" : {"ObjectType" : "unknown(0x1100)","fname" : " ","name" : " ","id" : 2175},
	"geometry" : {"type" : "GeometryCollection",
		"geometries" : [
			{"type" : "LineString","coordinates" : [[541563.24, 3957134.20],[541577.31, 3957137.72],[541583.12, 3957135.60],[541590.93, 3957126.28],[541592.02, 3957120.19],[541587.85, 3957108.74],[541583.12, 3957104.77],[541571.12, 3957102.66],[541565.31, 3957104.77],[541557.49, 3957114.10],[541556.41, 3957120.19],[541560.57, 3957131.63],[541562.77, 3957133.82],[541563.24, 3957134.20]]}
		]
	}
}
,
{
	"type" : "Feature",
	"properties" : {"ObjectType" : "unknown(0x1100)","fname" : "?????","name" : "Ketabi","id" : 2181},
	"geometry" : {"type" : "GeometryCollection",
		"geometries" : [
			{"type" : "LineString","coordinates" : [[540155.32, 3956510.33],[540144.53, 3956504.07],[540142.47, 3956500.93],[540141.21, 3956488.26],[540143.05, 3956483.69],[540152.04, 3956476.21],[540156.05, 3956475.22],[540168.15, 3956478.10],[540171.48, 3956480.99],[540175.96, 3956494.03],[540175.35, 3956497.31],[540173.56, 3956501.81],[540162.18, 3956510.13],[540157.93, 3956510.57],[540155.32, 3956510.33]]}
		]
	}
}
,
{
	"type" : "Feature",
	"properties" : {"ObjectType" : "unknown(0x1100)","fname" : "","name" : "","id" : 2194},
	"geometry" : {"type" : "GeometryCollection",
		"geometries" : [
			{"type" : "LineString","coordinates" : [[541557.28, 3957114.89],[541527.14, 3957059.20],[541513.18, 3957051.92],[541484.65, 3957044.94],[541483.65, 3957044.46]]}
		]
	}
}
,
{
	"type" : "Feature",
	"properties" : {"ObjectType" : "POI_square","fname" : "??????","name" : "Javanan","id" : 2214},
	"geometry" : {"type" : "MultiPoint",
		"coordinates" : [[540323.15, 3956739.30]]
	}
}
,
{
	"type" : "Feature",
	"properties" : {"ObjectType" : "unknown(0x1100)","fname" : "??????","name" : "Javanan","id" : 2229},
	"geometry" : {"type" : "GeometryCollection",
		"geometries" : [
			{"type" : "LineString","coordinates" : [[540314.18, 3956754.45],[540306.90, 3956744.92],[540306.17, 3956740.25],[540307.60, 3956733.13],[540313.14, 3956726.22],[540325.60, 3956723.07],[540332.43, 3956725.58],[540339.97, 3956736.50],[540340.00, 3956743.33],[540337.65, 3956749.16],[540329.14, 3956756.01],[540323.86, 3956757.05],[540317.46, 3956756.05],[540314.18, 3956754.45]]}
		]
	}
}
,
{
	"type" : "Feature",
	"properties" : {"ObjectType" : "bystreet","fname" : "????? ??????","name" : "Lavizan","id" : 2234},
	"geometry" : {"type" : "GeometryCollection",
		"geometries" : [
			{"properties" : {"direction" : "twoway","flag" : "bridge"},"type" : "LineString","coordinates" : [[544355.41, 3959502.75],[544276.43, 3959514.49],[544249.44, 3959516.72]]}
		]
	}
}
,
{
	"type" : "Feature",
	"properties" : {"ObjectType" : "POI_square","fname" : "?????","name" : "Sharifi","id" : 2285},
	"geometry" : {"type" : "MultiPoint",
		"coordinates" : [[543403.57, 3957622.58]]
	}
}
,
{
	"type" : "Feature",
	"properties" : {"ObjectType" : "unknown(0x1181)","fname" : "","name" : "","id" : 2297},
	"geometry" : {"type" : "GeometryCollection",
		"geometries" : [
			{"properties" : {"direction" : "oneway","flag" : "sideway"},"type" : "LineString","coordinates" : [[538053.56, 3957545.98],[538067.02, 3957634.29],[538070.43, 3957647.88]]}
		]
	}
}
,
{
	"type" : "Feature",
	"properties" : {"ObjectType" : "unknown(0x1100)","fname" : "?????","name" : "Sharifi","id" : 2298},
	"geometry" : {"type" : "GeometryCollection",
		"geometries" : [
			{"type" : "LineString","coordinates" : [[543410.06, 3957638.17],[543397.39, 3957638.24],[543394.50, 3957636.71],[543387.50, 3957626.29],[543387.50, 3957619.70],[543394.26, 3957609.46],[543397.26, 3957607.82],[543406.67, 3957606.82],[543413.09, 3957609.52],[543419.84, 3957620.08],[543419.77, 3957626.32],[543412.81, 3957636.69],[543410.06, 3957638.17]]}
		]
	}
}
,
{
	"type" : "Feature",
	"properties" : {"ObjectType" : "highway","fname" : "","name" : "","id" : 2311},
	"geometry" : {"type" : "GeometryCollection",
		"geometries" : [
			{"properties" : {"direction" : "oneway","flag" : "sideway"},"type" : "LineString","coordinates" : [[541553.55, 3957062.39],[541557.80, 3957055.26],[541562.74, 3957054.01],[541623.98, 3957062.24],[541640.67, 3957069.37],[541641.62, 3957072.83],[541640.42, 3957075.71],[541640.13, 3957077.93]]}
		]
	}
}
,
{
	"type" : "Feature",
	"properties" : {"ObjectType" : "POI_square","fname" : "????","name" : "Mina","id" : 2355},
	"geometry" : {"type" : "MultiPoint",
		"coordinates" : [[539949.08, 3957702.61]]
	}
}
,
{
	"type" : "Feature",
	"properties" : {"ObjectType" : "unknown(0x1100)","fname" : "????","name" : "Mina","id" : 2378},
	"geometry" : {"type" : "GeometryCollection",
		"geometries" : [
			{"type" : "LineString","coordinates" : [[539943.18, 3957718.28],[539935.87, 3957712.07],[539933.57, 3957705.57],[539935.23, 3957696.46],[539938.80, 3957691.89],[539948.28, 3957687.96],[539953.53, 3957688.52],[539963.37, 3957696.66],[539964.92, 3957701.87],[539961.93, 3957713.12],[539955.57, 3957718.17],[539945.14, 3957718.95],[539943.18, 3957718.28]]}
		]
	}
}
,
{
	"type" : "Feature",
	"properties" : {"ObjectType" : "unknown(0x1100)","fname" : "","name" : "","id" : 2393},
	"geometry" : {"type" : "GeometryCollection",
		"geometries" : [
			{"type" : "LineString","coordinates" : [[541375.31, 3956993.68],[541310.40, 3956991.66],[541301.88, 3956992.27],[541293.73, 3957001.66],[541284.52, 3957009.79]]}
		]
	}
}
,
{
	"type" : "Feature",
	"properties" : {"ObjectType" : "bystreet","fname" : "","name" : "","id" : 2441},
	"geometry" : {"type" : "GeometryCollection",
		"geometries" : [
			{"properties" : {"direction" : "oneway","flag" : "sideway"},"type" : "LineString","coordinates" : [[543961.53, 3958224.78],[543982.76, 3958228.09],[544008.39, 3958240.90],[544034.66, 3958264.29],[544042.79, 3958270.65]]}
		]
	}
}
,
{
	"type" : "Feature",
	"properties" : {"ObjectType" : "highway","fname" : " ","name" : " ","id" : 2460},
	"geometry" : {"type" : "GeometryCollection",
		"geometries" : [
			{"properties" : {"direction" : "oneway","flag" : "bridge"},"type" : "LineString","coordinates" : [[538688.12, 3959429.95],[538675.56, 3959473.18],[538654.62, 3959518.28]]}
		]
	}
}
,
{
	"type" : "Feature",
	"properties" : {"ObjectType" : "highway","fname" : " ","name" : " ","id" : 2468},
	"geometry" : {"type" : "GeometryCollection",
		"geometries" : [
			{"properties" : {"direction" : "oneway","flag" : "bridge"},"type" : "LineString","coordinates" : [[538639.92, 3959511.96],[538672.32, 3959423.73],[538639.92, 3959511.96],[538672.32, 3959423.73]]}
		]
	}
}
,
{
	"type" : "Feature",
	"properties" : {"ObjectType" : "unknown(0x1181)","fname" : "","name" : "","id" : 2526},
	"geometry" : {"type" : "GeometryCollection",
		"geometries" : [
			{"properties" : {"direction" : "oneway","flag" : "sideway"},"type" : "LineString","coordinates" : [[540518.42, 3956457.62],[540539.39, 3956454.94],[540563.63, 3956444.69],[540576.67, 3956434.96],[540582.81, 3956423.81],[540593.62, 3956414.82]]}
		]
	}
}
,
{
	"type" : "Feature",
	"properties" : {"ObjectType" : "POI_square","fname" : "????????","name" : "Ehteshamiye","id" : 2559},
	"geometry" : {"type" : "MultiPoint",
		"coordinates" : [[541114.61, 3958354.31]]
	}
}
,
{
	"type" : "Feature",
	"properties" : {"ObjectType" : "unknown(0x1181)","fname" : "","name" : "","id" : 2580},
	"geometry" : {"type" : "GeometryCollection",
		"geometries" : [
			{"properties" : {"direction" : "oneway","flag" : "sideway"},"type" : "LineString","coordinates" : [[539386.00, 3960011.83],[539396.18, 3960029.06],[539399.51, 3960042.65],[539398.81, 3960061.57]]}
		]
	}
}
,
{
	"type" : "Feature",
	"properties" : {"ObjectType" : "unknown(0x1100)","fname" : "????????","name" : "Ehteshamiye","id" : 2582},
	"geometry" : {"type" : "GeometryCollection",
		"geometries" : [
			{"type" : "LineString","coordinates" : [[541114.43, 3958368.78],[541108.11, 3958367.17],[541101.60, 3958359.59],[541100.81, 3958355.67],[541101.87, 3958348.58],[541108.35, 3958342.35],[541119.81, 3958341.41],[541124.36, 3958344.53],[541128.80, 3958354.91],[541127.66, 3958360.10],[541120.86, 3958367.46],[541118.61, 3958367.92],[541114.43, 3958368.78]]}
		]
	}
}
,
{
	"type" : "Feature",
	"properties" : {"ObjectType" : "POI_square","fname" : "????????","name" : "Ehteshamiye","id" : 2583},
	"geometry" : {"type" : "MultiPoint",
		"coordinates" : [[541277.43, 3958790.85]]
	}
}
,
{
	"type" : "Feature",
	"properties" : {"ObjectType" : "mainstreet","fname" : " ","name" : " ","id" : 2594},
	"geometry" : {"type" : "GeometryCollection",
		"geometries" : [
			{"properties" : {"direction" : "oneway","flag" : "bridge"},"type" : "LineString","coordinates" : [[543279.84, 3957363.13],[543242.42, 3957284.05],[543279.84, 3957363.13],[543242.42, 3957284.05]]}
		]
	}
}
,
{
	"type" : "Feature",
	"properties" : {"ObjectType" : "unknown(0x1100)","fname" : "????????","name" : "Ehteshamiye","id" : 2601},
	"geometry" : {"type" : "GeometryCollection",
		"geometries" : [
			{"type" : "LineString","coordinates" : [[541277.85, 3958777.95],[541287.26, 3958782.06],[541290.28, 3958785.92],[541290.53, 3958797.50],[541288.14, 3958801.38],[541278.03, 3958805.65],[541272.26, 3958804.57],[541264.56, 3958797.25],[541263.73, 3958792.30],[541267.60, 3958782.06],[541271.96, 3958779.12],[541272.22, 3958779.07],[541277.85, 3958777.95]]}
		]
	}
}
,
{
	"type" : "Feature",
	"properties" : {"ObjectType" : "unknown(0x1181)","fname" : "","name" : "","id" : 2611},
	"geometry" : {"type" : "GeometryCollection",
		"geometries" : [
			{"properties" : {"direction" : "oneway","flag" : "sideway"},"type" : "LineString","coordinates" : [[538316.92, 3960022.81],[538306.85, 3960037.71],[538298.65, 3960051.03]]}
		]
	}
}
,
{
	"type" : "Feature",
	"properties" : {"ObjectType" : "highway","fname" : " ","name" : " ","id" : 2651},
	"geometry" : {"type" : "GeometryCollection",
		"geometries" : [
			{"properties" : {"direction" : "oneway","flag" : "bridge"},"type" : "LineString","coordinates" : [[543856.50, 3957314.04],[543775.31, 3957334.73],[543856.50, 3957314.04],[543775.31, 3957334.73]]}
		]
	}
}
,
{
	"type" : "Feature",
	"properties" : {"ObjectType" : "POI_square","fname" : "??? ?????","name" : "Najmabadi","id" : 2659},
	"geometry" : {"type" : "MultiPoint",
		"coordinates" : [[539063.53, 3957709.31]]
	}
}
,
{
	"type" : "Feature",
	"properties" : {"ObjectType" : "POI_square","fname" : "???? ???? ???","name" : " ","id" : 2670},
	"geometry" : {"type" : "MultiPoint",
		"coordinates" : [[543208.42, 3959257.71]]
	}
}
,
{
	"type" : "Feature",
	"properties" : {"ObjectType" : "unknown(0x1100)","fname" : "??? ?????","name" : "Najmabadi","id" : 2682},
	"geometry" : {"type" : "GeometryCollection",
		"geometries" : [
			{"type" : "LineString","coordinates" : [[539061.26, 3957722.43],[539053.19, 3957717.57],[539050.68, 3957712.21],[539050.42, 3957708.89],[539052.40, 3957702.53],[539061.63, 3957696.48],[539067.77, 3957697.03],[539072.72, 3957700.05],[539076.71, 3957709.87],[539075.01, 3957715.97],[539068.94, 3957721.49],[539065.52, 3957722.50],[539062.64, 3957722.61],[539061.26, 3957722.43]]}
		]
	}
}
,
{
	"type" : "Feature",
	"properties" : {"ObjectType" : "highway","fname" : " ","name" : " ","id" : 2684},
	"geometry" : {"type" : "GeometryCollection",
		"geometries" : [
			{"properties" : {"direction" : "oneway","flag" : "bridge"},"type" : "LineString","coordinates" : [[543785.63, 3957309.10],[543864.77, 3957286.12],[543785.63, 3957309.10],[543864.77, 3957286.12]]}
		]
	}
}
,
{
	"type" : "Feature",
	"properties" : {"ObjectType" : "unknown(0x1181)","fname" : "","name" : "","id" : 2693},
	"geometry" : {"type" : "GeometryCollection",
		"geometries" : [
			{"properties" : {"direction" : "oneway","flag" : "sideway"},"type" : "LineString","coordinates" : [[540648.22, 3956598.47],[540617.60, 3956595.02],[540586.47, 3956604.25],[540574.26, 3956618.33]]}
		]
	}
}
,
{
	"type" : "Feature",
	"properties" : {"ObjectType" : "unknown(0x1100)","fname" : "???? ???? ???","name" : " ","id" : 2694},
	"geometry" : {"type" : "GeometryCollection",
		"geometries" : [
			{"type" : "LineString","coordinates" : [[543209.72, 3959269.95],[543201.81, 3959268.42],[543199.11, 3959266.37],[543195.27, 3959257.06],[543195.73, 3959253.68],[543201.84, 3959245.74],[543204.93, 3959244.45],[543214.87, 3959245.79],[543217.62, 3959247.90],[543221.43, 3959257.06],[543220.98, 3959260.50],[543214.85, 3959268.42],[543211.66, 3959269.71],[543209.72, 3959269.95]]}
		]
	}
}
,
{
	"type" : "Feature",
	"properties" : {"ObjectType" : "POI_square","fname" : "????","name" : "Maryam","id" : 2743},
	"geometry" : {"type" : "MultiPoint",
		"coordinates" : [[543518.53, 3957870.97]]
	}
}
,
{
	"type" : "Feature",
	"properties" : {"ObjectType" : "highway","fname" : "","name" : "","id" : 2750},
	"geometry" : {"type" : "GeometryCollection",
		"geometries" : [
			{"properties" : {"direction" : "oneway","flag" : "sideway"},"type" : "LineString","coordinates" : [[541453.38, 3956983.16],[541499.22, 3956979.98],[541516.52, 3956974.21],[541526.48, 3956963.28]]}
		]
	}
}
,
{
	"type" : "Feature",
	"properties" : {"ObjectType" : "unknown(0x1100)","fname" : "????","name" : "Maryam","id" : 2770},
	"geometry" : {"type" : "GeometryCollection",
		"geometries" : [
			{"type" : "LineString","coordinates" : [[543507.97, 3957878.02],[543506.14, 3957870.49],[543506.92, 3957867.01],[543514.68, 3957859.57],[543521.14, 3957859.20],[543529.76, 3957865.79],[543531.00, 3957869.74],[543528.26, 3957879.40],[543523.66, 3957882.88],[543520.30, 3957883.83],[543513.98, 3957883.06],[543509.56, 3957880.07],[543507.97, 3957878.02]]}
		]
	}
}
,
{
	"type" : "Feature",
	"properties" : {"ObjectType" : "unknown(0x1181)","fname" : "","name" : "","id" : 2821},
	"geometry" : {"type" : "GeometryCollection",
		"geometries" : [
			{"properties" : {"direction" : "oneway","flag" : "sideway"},"type" : "LineString","coordinates" : [[543098.74, 3958403.64],[543103.26, 3958429.65],[543111.47, 3958447.71],[543120.99, 3958457.56],[543131.01, 3958470.49]]}
		]
	}
}
,
{
	"type" : "Feature",
	"properties" : {"ObjectType" : "unknown(0x1181)","fname" : "","name" : "","id" : 2835},
	"geometry" : {"type" : "GeometryCollection",
		"geometries" : [
			{"properties" : {"direction" : "oneway","flag" : "sideway"},"type" : "LineString","coordinates" : [[540581.25, 3956565.11],[540622.18, 3956583.77],[540641.75, 3956591.46],[540648.22, 3956598.47]]}
		]
	}
}
,
{
	"type" : "Feature",
	"properties" : {"ObjectType" : "highway","fname" : " ","name" : " ","id" : 2906},
	"geometry" : {"type" : "GeometryCollection",
		"geometries" : [
			{"properties" : {"direction" : "oneway","flag" : "bridge"},"type" : "LineString","coordinates" : [[539696.87, 3956306.23],[539694.22, 3956349.27],[539688.30, 3956373.76],[539687.19, 3956378.30]]}
		]
	}
}
,
{
	"type" : "Feature",
	"properties" : {"ObjectType" : "unknown(0x1100)","fname" : "","name" : "","id" : 2932},
	"geometry" : {"type" : "GeometryCollection",
		"geometries" : [
			{"type" : "LineString","coordinates" : [[543832.88, 3958136.87],[543854.32, 3958078.62],[543860.32, 3958071.14]]}
		]
	}
}
,
{
	"type" : "Feature",
	"properties" : {"ObjectType" : "highway","fname" : "?????","name" : "Haqqani","id" : 2936},
	"geometry" : {"type" : "GeometryCollection",
		"geometries" : [
			{"properties" : {"direction" : "oneway","flag" : "bridge"},"type" : "LineString","coordinates" : [[538022.74, 3957212.75],[537951.31, 3957211.25],[538022.74, 3957212.75],[537951.31, 3957211.25]]}
		]
	}
}
,
{
	"type" : "Feature",
	"properties" : {"ObjectType" : "highway","fname" : "?????","name" : "Haqqani","id" : 2937},
	"geometry" : {"type" : "GeometryCollection",
		"geometries" : [
			{"properties" : {"direction" : "oneway","flag" : "bridge"},"type" : "LineString","coordinates" : [[537951.86, 3957199.26],[538023.18, 3957200.75],[537951.86, 3957199.26],[538023.18, 3957200.75]]}
		]
	}
}
,
{
	"type" : "Feature",
	"properties" : {"ObjectType" : "unknown(0x1181)","fname" : "","name" : "","id" : 2953},
	"geometry" : {"type" : "GeometryCollection",
		"geometries" : [
			{"properties" : {"direction" : "oneway","flag" : "sideway"},"type" : "LineString","coordinates" : [[542522.75, 3958478.15],[542522.81, 3958478.30],[542563.40, 3958505.45],[542569.88, 3958512.70],[542579.41, 3958517.27],[542580.55, 3958517.48]]}
		]
	}
}
,
{
	"type" : "Feature",
	"properties" : {"ObjectType" : "POI_square","fname" : "???????","name" : "Kashikar","id" : 2955},
	"geometry" : {"type" : "MultiPoint",
		"coordinates" : [[543297.68, 3956308.91]]
	}
}
,
{
	"type" : "Feature",
	"properties" : {"ObjectType" : "unknown(0x1181)","fname" : "","name" : "","id" : 2958},
	"geometry" : {"type" : "GeometryCollection",
		"geometries" : [
			{"properties" : {"direction" : "oneway","flag" : "sideway"},"type" : "LineString","coordinates" : [[539347.99, 3959985.45],[539372.87, 3959990.66],[539381.64, 3959989.19],[539393.27, 3959983.37],[539405.49, 3959963.86]]}
		]
	}
}
,
{
	"type" : "Feature",
	"properties" : {"ObjectType" : "highway","fname" : " ","name" : " ","id" : 2970},
	"geometry" : {"type" : "GeometryCollection",
		"geometries" : [
			{"properties" : {"direction" : "oneway","flag" : "bridge"},"type" : "LineString","coordinates" : [[539675.56, 3956375.36],[539684.26, 3956324.78],[539685.06, 3956315.36],[539684.82, 3956306.45]]}
		]
	}
}
,
{
	"type" : "Feature",
	"properties" : {"ObjectType" : "unknown(0x1100)","fname" : "???????","name" : "Kashikar","id" : 2977},
	"geometry" : {"type" : "GeometryCollection",
		"geometries" : [
			{"type" : "LineString","coordinates" : [[543293.15, 3956299.16],[543301.66, 3956298.89],[543306.57, 3956302.59],[543308.69, 3956310.84],[543307.63, 3956314.22],[543304.15, 3956318.28],[543299.86, 3956320.12],[543294.56, 3956319.87],[543287.46, 3956313.41],[543286.65, 3956308.85],[543290.61, 3956300.85],[543291.01, 3956300.44],[543293.15, 3956299.16]]}
		]
	}
}
,
{
	"type" : "Feature",
	"properties" : {"ObjectType" : "unknown(0x1181)","fname" : "","name" : "","id" : 3009},
	"geometry" : {"type" : "GeometryCollection",
		"geometries" : [
			{"properties" : {"direction" : "oneway","flag" : "sideway"},"type" : "LineString","coordinates" : [[538206.59, 3958191.37],[538237.73, 3958222.21],[538248.87, 3958227.32],[538259.91, 3958232.14]]}
		]
	}
}
,
{
	"type" : "Feature",
	"properties" : {"ObjectType" : "unknown(0x1181)","fname" : "","name" : "","id" : 3016},
	"geometry" : {"type" : "GeometryCollection",
		"geometries" : [
			{"properties" : {"direction" : "oneway","flag" : "sideway"},"type" : "LineString","coordinates" : [[538679.93, 3957333.84],[538662.09, 3957316.49],[538632.50, 3957303.23],[538622.15, 3957300.37]]}
		]
	}
}
,
{
	"type" : "Feature",
	"properties" : {"ObjectType" : "unknown(0x1100)","fname" : "","name" : "","id" : 3043},
	"geometry" : {"type" : "GeometryCollection",
		"geometries" : [
			{"type" : "LineString","coordinates" : [[542209.52, 3956686.47],[542216.80, 3956726.35],[542218.46, 3956748.94],[542218.49, 3956752.77]]}
		]
	}
}
,
{
	"type" : "Feature",
	"properties" : {"ObjectType" : "unknown(0x1181)","fname" : "","name" : "","id" : 3061},
	"geometry" : {"type" : "GeometryCollection",
		"geometries" : [
			{"properties" : {"direction" : "oneway","flag" : "sideway"},"type" : "LineString","coordinates" : [[538717.73, 3957282.60],[538701.87, 3957292.01],[538687.07, 3957312.41],[538683.00, 3957322.10],[538679.93, 3957333.84]]}
		]
	}
}
,
{
	"type" : "Feature",
	"properties" : {"ObjectType" : "POI_square","fname" : "???? ????","name" : "Hoseinabad","id" : 3087},
	"geometry" : {"type" : "MultiPoint",
		"coordinates" : [[543242.55, 3959411.03]]
	}
}
,
{
	"type" : "Feature",
	"properties" : {"ObjectType" : "highway","fname" : "??? )????(","name" : "Sadr (Rumi)","id" : 3101},
	"geometry" : {"type" : "GeometryCollection",
		"geometries" : [
			{"properties" : {"direction" : "oneway","flag" : "bridge"},"type" : "LineString","coordinates" : [[539389.93, 3960036.49],[539432.81, 3960064.07],[539389.93, 3960036.49],[539432.81, 3960064.07]]}
		]
	}
}
,
{
	"type" : "Feature",
	"properties" : {"ObjectType" : "unknown(0x1100)","fname" : "???? ????","name" : "Hoseinabad","id" : 3110},
	"geometry" : {"type" : "GeometryCollection",
		"geometries" : [
			{"type" : "LineString","coordinates" : [[543232.46, 3959412.42],[543233.53, 3959404.62],[543237.18, 3959400.90],[543242.40, 3959399.51],[543247.47, 3959400.86],[543252.29, 3959407.12],[543252.29, 3959412.45],[543249.68, 3959417.00],[543244.97, 3959419.70],[543239.75, 3959419.70],[543235.11, 3959417.04],[543233.48, 3959414.87],[543232.46, 3959412.42]]}
		]
	}
}
,
{
	"type" : "Feature",
	"properties" : {"ObjectType" : "unknown(0x1181)","fname" : "","name" : "","id" : 3115},
	"geometry" : {"type" : "GeometryCollection",
		"geometries" : [
			{"properties" : {"direction" : "oneway","flag" : "sideway"},"type" : "LineString","coordinates" : [[538259.25, 3960052.14],[538261.88, 3960030.15],[538262.29, 3960023.42]]}
		]
	}
}
,
{
	"type" : "Feature",
	"properties" : {"ObjectType" : "bystreet","fname" : "????? ????? ????","name" : "Mobarak Abad","id" : 3122},
	"geometry" : {"type" : "GeometryCollection",
		"geometries" : [
			{"properties" : {"direction" : "oneway","flag" : "bridge"},"type" : "LineString","coordinates" : [[543961.13, 3958233.48],[543897.80, 3958224.38],[543961.13, 3958233.48],[543897.80, 3958224.38]]}
		]
	}
}
,
{
	"type" : "Feature",
	"properties" : {"ObjectType" : "bystreet","fname" : "????? ????? ????","name" : "Mobarak Abad","id" : 3127},
	"geometry" : {"type" : "GeometryCollection",
		"geometries" : [
			{"properties" : {"direction" : "oneway","flag" : "bridge"},"type" : "LineString","coordinates" : [[543898.59, 3958214.48],[543961.53, 3958224.78],[543898.59, 3958214.48],[543961.53, 3958224.78]]}
		]
	}
}
,
{
	"type" : "Feature",
	"properties" : {"ObjectType" : "mainstreet","fname" : " ","name" : " ","id" : 3172},
	"geometry" : {"type" : "GeometryCollection",
		"geometries" : [
			{"properties" : {"direction" : "oneway","flag" : "bridge"},"type" : "LineString","coordinates" : [[540890.07, 3956721.64],[540900.17, 3956782.63],[540890.07, 3956721.64],[540900.17, 3956782.63]]}
		]
	}
}
,
{
	"type" : "Feature",
	"properties" : {"ObjectType" : "unknown(0x1100)","fname" : "","name" : "","id" : 3217},
	"geometry" : {"type" : "GeometryCollection",
		"geometries" : [
			{"type" : "LineString","coordinates" : [[542191.53, 3956743.35],[542203.39, 3956710.31],[542205.11, 3956700.27],[542209.52, 3956686.47]]}
		]
	}
}
,
{
	"type" : "Feature",
	"properties" : {"ObjectType" : "unknown(0x1181)","fname" : "","name" : "","id" : 3270},
	"geometry" : {"type" : "GeometryCollection",
		"geometries" : [
			{"properties" : {"direction" : "oneway","flag" : "sideway"},"type" : "LineString","coordinates" : [[538259.91, 3958232.14],[538251.18, 3958245.87],[538249.32, 3958276.03],[538248.36, 3958286.84]]}
		]
	}
}
,
{
	"type" : "Feature",
	"properties" : {"ObjectType" : "mainstreet","fname" : " ","name" : " ","id" : 3280},
	"geometry" : {"type" : "GeometryCollection",
		"geometries" : [
			{"properties" : {"direction" : "oneway","flag" : "bridge"},"type" : "LineString","coordinates" : [[540590.11, 3956501.19],[540582.44, 3956558.03],[540590.11, 3956501.19],[540582.44, 3956558.03]]}
		]
	}
}
,
{
	"type" : "Feature",
	"properties" : {"ObjectType" : "mainstreet","fname" : " ","name" : " ","id" : 3299},
	"geometry" : {"type" : "GeometryCollection",
		"geometries" : [
			{"properties" : {"direction" : "oneway","flag" : "bridge"},"type" : "LineString","coordinates" : [[540581.65, 3956497.56],[540573.57, 3956553.60],[540581.65, 3956497.56],[540573.57, 3956553.60]]}
		]
	}
}
,
{
	"type" : "Feature",
	"properties" : {"ObjectType" : "POI_square","fname" : " ","name" : " ","id" : 3313},
	"geometry" : {"type" : "MultiPoint",
		"coordinates" : [[543868.54, 3958070.48]]
	}
}
,
{
	"type" : "Feature",
	"properties" : {"ObjectType" : "unknown(0x1100)","fname" : " ","name" : " ","id" : 3337},
	"geometry" : {"type" : "GeometryCollection",
		"geometries" : [
			{"type" : "LineString","coordinates" : [[543872.05, 3958078.67],[543867.90, 3958078.79],[543864.72, 3958077.15],[543860.47, 3958071.57],[543859.98, 3958068.23],[543863.06, 3958061.87],[543866.56, 3958060.78],[543873.31, 3958062.91],[543875.50, 3958065.44],[543876.46, 3958072.36],[543875.36, 3958075.49],[543872.66, 3958078.27],[543872.05, 3958078.67]]}
		]
	}
}
,
{
	"type" : "Feature",
	"properties" : {"ObjectType" : "highway","fname" : " ","name" : " ","id" : 3367},
	"geometry" : {"type" : "GeometryCollection",
		"geometries" : [
			{"properties" : {"direction" : "oneway","flag" : "bridge"},"type" : "LineString","coordinates" : [[542259.77, 3957080.53],[542206.31, 3957080.50],[542259.77, 3957080.53],[542206.31, 3957080.50]]}
		]
	}
}
,
{
	"type" : "Feature",
	"properties" : {"ObjectType" : "unknown(0x1100)","fname" : "","name" : "","id" : 3368},
	"geometry" : {"type" : "GeometryCollection",
		"geometries" : [
			{"type" : "LineString","coordinates" : [[542220.76, 3956759.79],[542236.43, 3956810.85],[542220.76, 3956759.79],[542236.43, 3956810.85]]}
		]
	}
}
,
{
	"type" : "Feature",
	"properties" : {"ObjectType" : "unknown(0x1181)","fname" : "","name" : "","id" : 3387},
	"geometry" : {"type" : "GeometryCollection",
		"geometries" : [
			{"properties" : {"direction" : "oneway","flag" : "sideway"},"type" : "LineString","coordinates" : [[539656.57, 3956074.97],[539649.60, 3956092.38],[539646.09, 3956120.47],[539646.10, 3956125.67]]}
		]
	}
}
,
{
	"type" : "Feature",
	"properties" : {"ObjectType" : "mainstreet","fname" : " ","name" : " ","id" : 3405},
	"geometry" : {"type" : "GeometryCollection",
		"geometries" : [
			{"properties" : {"direction" : "oneway","flag" : "bridge"},"type" : "LineString","coordinates" : [[542149.50, 3957514.68],[542098.81, 3957525.71],[542149.50, 3957514.68],[542098.81, 3957525.71]]}
		]
	}
}
,
{
	"type" : "Feature",
	"properties" : {"ObjectType" : "highway","fname" : "","name" : "","id" : 3407},
	"geometry" : {"type" : "GeometryCollection",
		"geometries" : [
			{"properties" : {"direction" : "oneway","flag" : "sideway"},"type" : "LineString","coordinates" : [[541527.24, 3956911.61],[541525.93, 3956951.44],[541526.48, 3956963.28]]}
		]
	}
}
,
{
	"type" : "Feature",
	"properties" : {"ObjectType" : "highway","fname" : " ","name" : " ","id" : 3409},
	"geometry" : {"type" : "GeometryCollection",
		"geometries" : [
			{"properties" : {"direction" : "oneway","flag" : "bridge"},"type" : "LineString","coordinates" : [[542206.88, 3957062.46],[542258.66, 3957061.95],[542206.88, 3957062.46],[542258.66, 3957061.95]]}
		]
	}
}
,
{
	"type" : "Feature",
	"properties" : {"ObjectType" : "POI_square","fname" : "???? ?????","name" : "Doktor Beheshti","id" : 3438},
	"geometry" : {"type" : "MultiPoint",
		"coordinates" : [[543331.54, 3956391.22]]
	}
}
,
{
	"type" : "Feature",
	"properties" : {"ObjectType" : "unknown(0x1181)","fname" : "","name" : "","id" : 3457},
	"geometry" : {"type" : "GeometryCollection",
		"geometries" : [
			{"properties" : {"direction" : "oneway","flag" : "sideway"},"type" : "LineString","coordinates" : [[538271.12, 3960006.17],[538282.85, 3960012.05],[538287.18, 3960011.91],[538314.06, 3959999.24],[538316.39, 3959998.02]]}
		]
	}
}
,
{
	"type" : "Feature",
	"properties" : {"ObjectType" : "unknown(0x1181)","fname" : "","name" : "","id" : 3466},
	"geometry" : {"type" : "GeometryCollection",
		"geometries" : [
			{"properties" : {"direction" : "oneway","flag" : "sideway"},"type" : "LineString","coordinates" : [[543124.28, 3959480.69],[543107.02, 3959460.42],[543105.00, 3959454.87],[543102.73, 3959440.75],[543102.89, 3959437.80]]}
		]
	}
}
,
{
	"type" : "Feature",
	"properties" : {"ObjectType" : "unknown(0x1100)","fname" : "???? ?????","name" : "Doktor Beheshti","id" : 3469},
	"geometry" : {"type" : "GeometryCollection",
		"geometries" : [
			{"type" : "LineString","coordinates" : [[543333.68, 3956397.20],[543328.11, 3956396.98],[543324.02, 3956393.15],[543324.27, 3956385.84],[543326.64, 3956383.17],[543330.32, 3956381.70],[543333.86, 3956382.01],[543336.99, 3956383.92],[543339.26, 3956389.82],[543337.21, 3956395.22],[543334.36, 3956397.08],[543333.68, 3956397.20]]}
		]
	}
}
,
{
	"type" : "Feature",
	"properties" : {"ObjectType" : "unknown(0x1181)","fname" : "","name" : "","id" : 3474},
	"geometry" : {"type" : "GeometryCollection",
		"geometries" : [
			{"properties" : {"direction" : "oneway","flag" : "sideway"},"type" : "LineString","coordinates" : [[544178.05, 3959190.18],[544167.26, 3959204.31],[544164.39, 3959214.05],[544169.84, 3959233.25],[544170.25, 3959234.94]]}
		]
	}
}
,
{
	"type" : "Feature",
	"properties" : {"ObjectType" : "highway","fname" : "","name" : "","id" : 3506},
	"geometry" : {"type" : "GeometryCollection",
		"geometries" : [
			{"properties" : {"direction" : "oneway","flag" : "sideway"},"type" : "LineString","coordinates" : [[541526.48, 3956963.28],[541527.02, 3956975.10],[541536.86, 3956991.21],[541550.92, 3957001.60]]}
		]
	}
}
,
{
	"type" : "Feature",
	"properties" : {"ObjectType" : "highway","fname" : " ","name" : " ","id" : 3542},
	"geometry" : {"type" : "GeometryCollection",
		"geometries" : [
			{"properties" : {"direction" : "oneway","flag" : "bridge"},"type" : "LineString","coordinates" : [[541811.93, 3957066.64],[541765.55, 3957062.31],[541811.93, 3957066.64],[541765.55, 3957062.31]]}
		]
	}
}
,
{
	"type" : "Feature",
	"properties" : {"ObjectType" : "highway","fname" : " ","name" : " ","id" : 3557},
	"geometry" : {"type" : "GeometryCollection",
		"geometries" : [
			{"properties" : {"direction" : "oneway","flag" : "bridge"},"type" : "LineString","coordinates" : [[541763.97, 3957043.96],[541809.42, 3957048.43],[541763.97, 3957043.96],[541809.42, 3957048.43]]}
		]
	}
}
,
{
	"type" : "Feature",
	"properties" : {"ObjectType" : "mainstreet","fname" : " ","name" : " ","id" : 3564},
	"geometry" : {"type" : "GeometryCollection",
		"geometries" : [
			{"properties" : {"direction" : "oneway","flag" : "bridge"},"type" : "LineString","coordinates" : [[542097.43, 3957517.44],[542140.88, 3957504.68],[542097.43, 3957517.44],[542140.88, 3957504.68]]}
		]
	}
}
,
{
	"type" : "Feature",
	"properties" : {"ObjectType" : "highway","fname" : " ","name" : " ","id" : 3592},
	"geometry" : {"type" : "GeometryCollection",
		"geometries" : [
			{"properties" : {"direction" : "oneway","flag" : "bridge"},"type" : "LineString","coordinates" : [[539196.05, 3959804.58],[539220.13, 3959841.59],[539196.05, 3959804.58],[539220.13, 3959841.59]]}
		]
	}
}
,
{
	"type" : "Feature",
	"properties" : {"ObjectType" : "unknown(0x1181)","fname" : "","name" : "","id" : 3593},
	"geometry" : {"type" : "GeometryCollection",
		"geometries" : [
			{"properties" : {"direction" : "oneway","flag" : "sideway"},"type" : "LineString","coordinates" : [[539613.84, 3956065.09],[539625.34, 3956069.72],[539649.60, 3956073.23],[539656.57, 3956074.97]]}
		]
	}
}
,
{
	"type" : "Feature",
	"properties" : {"ObjectType" : "highway","fname" : " ","name" : " ","id" : 3598},
	"geometry" : {"type" : "GeometryCollection",
		"geometries" : [
			{"properties" : {"direction" : "oneway","flag" : "bridge"},"type" : "LineString","coordinates" : [[539206.78, 3959850.43],[539182.78, 3959813.53],[539206.78, 3959850.43],[539182.78, 3959813.53]]}
		]
	}
}
,
{
	"type" : "Feature",
	"properties" : {"ObjectType" : "unknown(0x1100)","fname" : "","name" : "","id" : 3616},
	"geometry" : {"type" : "GeometryCollection",
		"geometries" : [
			{"type" : "LineString","coordinates" : [[542236.50, 3956810.84],[542224.03, 3956792.60],[542210.27, 3956781.99],[542207.01, 3956780.07]]}
		]
	}
}
,
{
	"type" : "Feature",
	"properties" : {"ObjectType" : "mainstreet","fname" : "","name" : "","id" : 3644},
	"geometry" : {"type" : "GeometryCollection",
		"geometries" : [
			{"properties" : {"direction" : "oneway","flag" : "sideway"},"type" : "LineString","coordinates" : [[537998.14, 3957598.53],[538008.36, 3957602.96],[538011.91, 3957607.78],[538010.63, 3957615.57],[538004.02, 3957621.26],[537998.97, 3957627.95]]}
		]
	}
}
,
{
	"type" : "Feature",
	"properties" : {"ObjectType" : "highway","fname" : " ","name" : " ","id" : 3651},
	"geometry" : {"type" : "GeometryCollection",
		"geometries" : [
			{"properties" : {"direction" : "oneway","flag" : "bridge"},"type" : "LineString","coordinates" : [[541585.46, 3957037.83],[541544.09, 3957031.31],[541585.46, 3957037.83],[541544.09, 3957031.31]]}
		]
	}
}
,
{
	"type" : "Feature",
	"properties" : {"ObjectType" : "unknown(0x1181)","fname" : "","name" : "","id" : 3677},
	"geometry" : {"type" : "GeometryCollection",
		"geometries" : [
			{"properties" : {"direction" : "oneway","flag" : "sideway"},"type" : "LineString","coordinates" : [[538219.71, 3958261.27],[538198.93, 3958246.01],[538192.06, 3958244.59],[538184.79, 3958243.68]]}
		]
	}
}
,
{
	"type" : "Feature",
	"properties" : {"ObjectType" : "highway","fname" : " ","name" : " ","id" : 3717},
	"geometry" : {"type" : "GeometryCollection",
		"geometries" : [
			{"properties" : {"direction" : "oneway","flag" : "bridge"},"type" : "LineString","coordinates" : [[541543.23, 3957012.95],[541580.46, 3957018.82],[541543.23, 3957012.95],[541580.46, 3957018.82]]}
		]
	}
}
,
{
	"type" : "Feature",
	"properties" : {"ObjectType" : "unknown(0x1181)","fname" : "","name" : "","id" : 3745},
	"geometry" : {"type" : "GeometryCollection",
		"geometries" : [
			{"properties" : {"direction" : "oneway","flag" : "sideway"},"type" : "LineString","coordinates" : [[544146.36, 3959204.04],[544155.51, 3959204.88],[544160.38, 3959202.30],[544167.54, 3959196.00],[544178.05, 3959190.18]]}
		]
	}
}
,
{
	"type" : "Feature",
	"properties" : {"ObjectType" : "unknown(0x1100)","fname" : "","name" : "","id" : 3749},
	"geometry" : {"type" : "GeometryCollection",
		"geometries" : [
			{"type" : "LineString","coordinates" : [[542198.11, 3956780.79],[542185.31, 3956793.03],[542181.31, 3956800.20],[542178.13, 3956809.98]]}
		]
	}
}
,
{
	"type" : "Feature",
	"properties" : {"ObjectType" : "highway","fname" : "?????","name" : "Parastu","id" : 3900},
	"geometry" : {"type" : "GeometryCollection",
		"geometries" : [
			{"properties" : {"direction" : "oneway","flag" : "bridge"},"type" : "LineString","coordinates" : [[540169.55, 3956420.11],[540144.46, 3956417.20],[540169.55, 3956420.11],[540144.46, 3956417.20]]}
		]
	}
}
,
{
	"type" : "Feature",
	"properties" : {"ObjectType" : "highway","fname" : "?????","name" : "Parastu","id" : 3901},
	"geometry" : {"type" : "GeometryCollection",
		"geometries" : [
			{"properties" : {"direction" : "oneway","flag" : "bridge"},"type" : "LineString","coordinates" : [[540143.97, 3956399.02],[540168.84, 3956401.91],[540143.97, 3956399.02],[540168.84, 3956401.91]]}
		]
	}
}
,
{
	"type" : "Feature",
	"properties" : {"ObjectType" : "mainstreet","fname" : "","name" : "","id" : 3930},
	"geometry" : {"type" : "GeometryCollection",
		"geometries" : [
			{"properties" : {"direction" : "oneway","flag" : "sideway"},"type" : "LineString","coordinates" : [[540884.21, 3956700.67],[540889.27, 3956716.40],[540890.07, 3956721.64]]}
		]
	}
}
,
{
	"type" : "Feature",
	"properties" : {"ObjectType" : "unknown(0x1181)","fname" : "","name" : "","id" : 3933},
	"geometry" : {"type" : "GeometryCollection",
		"geometries" : [
			{"properties" : {"direction" : "oneway","flag" : "sideway"},"type" : "LineString","coordinates" : [[542174.41, 3956790.51],[542180.81, 3956773.73],[542182.43, 3956770.53]]}
		]
	}
}
,
{
	"type" : "Feature",
	"properties" : {"ObjectType" : "unknown(0x1100)","fname" : "","name" : "","id" : 3960},
	"geometry" : {"type" : "GeometryCollection",
		"geometries" : [
			{"type" : "LineString","coordinates" : [[541582.13, 3957088.91],[541585.55, 3957103.40],[541585.75, 3957106.29],[541585.66, 3957106.55]]}
		]
	}
}
,
{
	"type" : "Feature",
	"properties" : {"ObjectType" : "highway","fname" : " ","name" : " ","id" : 3970},
	"geometry" : {"type" : "GeometryCollection",
		"geometries" : [
			{"properties" : {"direction" : "oneway","flag" : "bridge"},"type" : "LineString","coordinates" : [[539098.06, 3959707.31],[539086.16, 3959696.23],[539098.06, 3959707.31],[539086.16, 3959696.23]]}
		]
	}
}
,
{
	"type" : "Feature",
	"properties" : {"ObjectType" : "unknown(0x1100)","fname" : "","name" : "","id" : 3972},
	"geometry" : {"type" : "GeometryCollection",
		"geometries" : [
			{"type" : "LineString","coordinates" : [[541574.22, 3957102.39],[541579.44, 3957093.16],[541582.13, 3957088.91]]}
		]
	}
}
,
{
	"type" : "Feature",
	"properties" : {"ObjectType" : "highway","fname" : " ","name" : " ","id" : 3974},
	"geometry" : {"type" : "GeometryCollection",
		"geometries" : [
			{"properties" : {"direction" : "oneway","flag" : "bridge"},"type" : "LineString","coordinates" : [[539090.76, 3959678.67],[539102.12, 3959689.23],[539090.76, 3959678.67],[539102.12, 3959689.23]]}
		]
	}
}
,
{
	"type" : "Feature",
	"properties" : {"ObjectType" : "highway","fname" : "","name" : "","id" : 3983},
	"geometry" : {"type" : "GeometryCollection",
		"geometries" : [
			{"properties" : {"direction" : "oneway","flag" : "sideway"},"type" : "LineString","coordinates" : [[540590.43, 3956436.90],[540598.68, 3956439.76],[540590.43, 3956436.90],[540598.68, 3956439.76]]}
		]
	}
}
,
{
	"type" : "Feature",
	"properties" : {"ObjectType" : "region","fname" : "?????","name" : "","id" : 4247},
	"geometry" : {"type" : "MultiPoint",
		"coordinates" : [[541319.78, 3956160.47]]
	}
}
,
{
	"type" : "Feature",
	"properties" : {"ObjectType" : "region","fname" : "??? ???? - ??????","name" : "","id" : 4248},
	"geometry" : {"type" : "MultiPoint",
		"coordinates" : [[543220.00, 3956037.75]]
	}
}
,
{
	"type" : "Feature",
	"properties" : {"ObjectType" : "region","fname" : "???? ????","name" : "","id" : 4249},
	"geometry" : {"type" : "MultiPoint",
		"coordinates" : [[542405.12, 3956346.31]]
	}
}
,
{
	"type" : "Feature",
	"properties" : {"ObjectType" : "region","fname" : "???? ????- ????? ????","name" : "","id" : 4258},
	"geometry" : {"type" : "MultiPoint",
		"coordinates" : [[543305.90, 3958567.16]]
	}
}
,
{
	"type" : "Feature",
	"properties" : {"ObjectType" : "region","fname" : "??????","name" : "","id" : 4269},
	"geometry" : {"type" : "MultiPoint",
		"coordinates" : [[539381.17, 3957384.76]]
	}
}
,
{
	"type" : "Feature",
	"properties" : {"ObjectType" : "region","fname" : "????? ???? ????","name" : "","id" : 4270},
	"geometry" : {"type" : "MultiPoint",
		"coordinates" : [[538783.93, 3956289.64]]
	}
}
,
{
	"type" : "Feature",
	"properties" : {"ObjectType" : "region","fname" : "????","name" : "","id" : 4272},
	"geometry" : {"type" : "MultiPoint",
		"coordinates" : [[541240.24, 3958938.02]]
	}
}
,
{
	"type" : "Feature",
	"properties" : {"ObjectType" : "region","fname" : "??? ???","name" : "","id" : 4273},
	"geometry" : {"type" : "MultiPoint",
		"coordinates" : [[539921.36, 3959761.39]]
	}
}
,
{
	"type" : "Feature",
	"properties" : {"ObjectType" : "region","fname" : "????","name" : "","id" : 4274},
	"geometry" : {"type" : "MultiPoint",
		"coordinates" : [[540175.88, 3958939.91]]
	}
}
,
{
	"type" : "Feature",
	"properties" : {"ObjectType" : "region","fname" : "???","name" : "","id" : 4275},
	"geometry" : {"type" : "MultiPoint",
		"coordinates" : [[540605.24, 3957546.75]]
	}
}
,
{
	"type" : "Feature",
	"properties" : {"ObjectType" : "region","fname" : "??? ????? ??????","name" : "","id" : 4276},
	"geometry" : {"type" : "MultiPoint",
		"coordinates" : [[539128.62, 3958748.58]]
	}
}
,
{
	"type" : "Feature",
	"properties" : {"ObjectType" : "region","fname" : "???????- ????????","name" : "","id" : 4312},
	"geometry" : {"type" : "MultiPoint",
		"coordinates" : [[542304.91, 3958848.74]]
	}
}
]
}